"pub_date","advances_sqkm","cot_sqkm","infils_sqkm","claims_sqkm","ua_cos_sqkm","flet_sqkm","presence_sqkm","claims_flet_sqkm","claims_presence_sqkm","ua_cos_claims_sqkm","flet_delta","flet_7day_avg","presence_delta","presence_7day_avg"
"0205-12-06","0.00","0.00","0.00","0.00","70412.81","0.00","0.00","0.00","0.00","70412.81",NULL,NULL,NULL,NULL
"2022-02-24","0.00","79743.32","0.00","0.00","0.00","79743.32","79743.32","79743.32","79743.32","0.00","79743.32","79743.3200","79743.32","79743.3200"
"2022-02-25","0.00","99496.03","0.00","0.00","0.00","99496.03","99496.03","99496.03","99496.03","0.00","19752.71","49748.0150","19752.71","49748.0150"
"2022-02-26","0.00","118383.10","0.00","0.00","0.00","118383.10","118383.10","118383.10","118383.10","0.00","18887.07","39461.0333","18887.07","39461.0333"
"2022-02-27","0.00","119442.49","0.00","0.00","0.00","119442.49","119442.49","119442.49","119442.49","0.00","1059.39","29860.6225","1059.39","29860.6225"
"2022-02-28","0.00","118642.61","0.00","0.00","0.00","118642.61","118642.61","118642.61","118642.61","0.00","-799.88","23728.5220","-799.88","23728.5220"
"2022-03-01","0.00","119463.61","0.00","1251.52","0.00","119463.61","119463.61","120713.20","120713.20","1251.52","821.00","19910.6017","821.00","19910.6017"
"2022-03-02","6407.47","121875.84","0.00","215.18","0.00","128280.69","128280.69","128493.95","128493.95","215.18","8817.08","18325.8129","8817.08","18325.8129"
"2022-03-03","13207.38","122035.87","0.00","535.95","0.00","135242.26","135242.26","135777.83","135777.83","535.95","6961.57","7928.4200","6961.57","7928.4200"
"2022-03-04","13643.28","126516.21","0.00","385.62","0.00","140157.95","140157.95","140543.20","140543.20","385.62","4915.69","5808.8457","4915.69","5808.8457"
"2022-03-05","16147.97","122035.87","0.00","477.07","285.80","137536.31","137536.31","138013.01","138013.01","762.87","-2621.64","2736.1729","-2621.64","2736.1729"
"2022-03-06","16151.37","125958.66","0.00","1539.02","285.80","142106.07","142106.07","143645.00","143645.00","1824.82","4569.76","3237.6543","4569.76","3237.6543"
"2022-03-07","17030.78","125816.03","0.00","3059.66","312.45","142843.25","142843.25","145901.42","145901.42","3372.12","737.18","3457.2343","737.18","3457.2343"
"2022-03-08","19178.74","125799.98","0.00","1826.46","312.45","144974.07","144974.07","146800.39","146800.39","2138.91","2130.82","3644.3514","2130.82","3644.3514"
"2022-03-09","23108.63","125359.88","0.00","2205.18","312.45","148463.88","148463.88","150668.38","150668.38","2517.63","3489.81","2883.3129","3489.81","2883.3129"
"2022-03-10","25298.10","123539.52","0.00","2239.96","316.79","148832.98","148832.98","151072.26","151072.26","2556.75","369.10","1941.5314","369.10","1941.5314"
"2022-03-11","25472.45","123423.19","0.00","2422.41","316.79","148891.00","148891.00","151312.74","151312.74","2739.20","58.02","1247.5786","58.02","1247.5786"
"2022-03-12","25950.21","123282.73","0.00","2458.11","316.79","149228.31","149228.31","151685.73","151685.73","2774.89","337.31","1670.2857","337.31","1670.2857"
"2022-03-13","26464.14","123323.72","0.00","2286.59","316.79","149783.38","149783.38","152069.42","152069.42","2603.37","555.07","1096.7586","555.07","1096.7586"
"2022-03-14","26296.51","123323.64","0.00","2875.38","316.79","149615.67","149615.67","152490.23","152490.23","3192.16","-167.71","967.4886","-167.71","967.4886"
"2022-03-15","27016.32","123323.64","0.00","6537.67","316.79","150335.48","150335.48","156869.53","156869.53","6854.46","719.81","765.9157","719.81","765.9157"
"2022-03-16","27076.50","123305.29","0.00","6500.38","316.79","150377.31","150377.31","156874.08","156874.08","6817.16","41.83","273.3471","41.83","273.3471"
"2022-03-17","27315.10","123305.18","0.00","6354.09","290.13","150615.82","150615.82","156966.36","156966.36","6644.22","238.51","254.6914","238.51","254.6914"
"2022-03-18","25934.58","123071.10","0.00","6414.76","722.98","149001.22","149001.22","155412.44","155412.44","7137.75","-1614.60","15.7457","-1614.60","15.7457"
"2022-03-19","27345.41","123071.10","0.00","6040.35","695.14","150412.28","150412.28","156450.49","156450.49","6735.49","1411.06","169.1386","1411.06","169.1386"
"2022-03-20","27426.97","123071.10","0.00","5958.88","695.14","150493.84","150493.84","156450.56","156450.56","6654.02","81.56","101.4943","81.56","101.4943"
"2022-03-21","27437.57","123071.10","0.00","5953.67","695.14","150504.34","150504.34","156455.85","156455.85","6648.81","10.50","126.9529","10.50","126.9529"
"2022-03-22","27514.66","123071.10","0.00","5962.48","720.15","150584.15","150584.15","156544.66","156544.66","6682.62","79.81","35.5243","79.81","35.5243"
"2022-03-23","28607.70","133177.25","0.00","6119.19","1273.03","161783.49","161783.49","167900.72","167900.72","7392.22","11199.34","1629.4543","11199.34","1629.4543"
"2022-03-24","28723.94","133181.49","0.00","6037.60","1273.03","161903.96","161903.96","167939.58","167939.58","7310.63","120.47","1612.5914","120.47","1612.5914"
"2022-03-25","28589.53","133181.49","0.00","6097.53","1539.53","161769.55","161769.55","167865.09","167865.09","7637.06","-134.41","1824.0471","-134.41","1824.0471"
"2022-03-26","28607.40","133181.49","0.00","6097.53","1550.65","161787.42","161787.42","167882.97","167882.97","7648.17","17.87","1625.0200","17.87","1625.0200"
"2022-03-27","28317.54","133189.28","0.00","6097.51","1642.61","161505.36","161505.36","167600.89","167600.89","7740.11","-282.06","1573.0743","-282.06","1573.0743"
"2022-03-28","28278.01","133205.58","0.00","6082.53","1686.14","161482.12","161482.12","167562.67","167562.67","7768.67","-23.24","1568.2543","-23.24","1568.2543"
"2022-03-29","29557.69","130565.83","0.00","6110.07","1791.96","160122.00","160122.00","166230.17","166230.17","7902.04","-1360.12","1362.5500","-1360.12","1362.5500"
"2022-03-30","29393.84","130747.14","0.00","6110.07","1800.87","160139.46","160139.46","166247.63","166247.63","7910.94","17.46","-234.8614","17.46","-234.8614"
"2022-03-31","31003.15","126865.46","0.00","5915.64","2541.53","157867.09","157867.09","163780.82","163780.82","8457.16","-2272.37","-576.6957","-2272.37","-576.6957"
"2022-04-01","31374.38","123327.49","0.00","5914.05","4579.04","154700.69","154700.69","160612.85","160612.85","10493.08","-3166.40","-1009.8371","-3166.40","-1009.8371"
"2022-04-02","31059.66","122984.04","0.00","5704.76","5525.82","154042.00","154042.00","159744.87","159744.87","11230.57","-658.69","-1106.4886","-658.69","-1106.4886"
"2022-04-03","32433.25","103644.64","0.00","5704.76","13687.39","136076.74","136076.74","141779.61","141779.61","19392.14","-17965.26","-3632.6600","-17965.26","-3632.6600"
"2022-04-04","31891.63","98784.60","0.00","5710.14","13687.39","130675.08","130675.08","136383.33","136383.33","19397.52","-5401.66","-4401.0057","-5401.66","-4401.0057"
"2022-04-05","19767.40","100419.03","0.00","5710.14","21289.66","120185.30","120185.30","125893.54","125893.54","26999.79","-10489.78","-5705.2429","-10489.78","-5705.2429"
"2022-04-06","14000.23","100419.03","0.00","5589.45","27231.94","114418.13","114418.13","120005.68","120005.68","32821.38","-5767.17","-6531.6186","-5767.17","-6531.6186"
"2022-04-07","13927.96","100489.14","0.00","5597.44","27306.36","114415.93","114415.93","120011.48","120011.48","32903.79","-2.20","-6207.3086","-2.20","-6207.3086"
"2022-04-08","13968.78","100489.14","0.00","5585.83","27277.77","114456.75","114456.75","120040.68","120040.68","32863.59","40.82","-5749.1343","40.82","-5749.1343"
"2022-04-09","15149.27","101146.97","0.00","3713.05","27323.44","116294.98","116294.98","120006.50","120006.50","31036.48","1838.23","-5392.4314","1838.23","-5392.4314"
"2022-04-10","15148.15","101146.97","0.00","3696.46","27331.54","116293.86","116293.86","119987.21","119987.21","31027.99","-1.12","-2826.1257","-1.12","-2826.1257"
"2022-04-11","15133.93","100841.23","0.00","3700.99","27376.35","115973.89","115973.89","119673.36","119673.36","31077.33","-319.97","-2100.1700","-319.97","-2100.1700"
"2022-04-12","11913.64","107032.07","0.00","5600.80","27376.35","118945.52","118945.52","124544.77","124544.77","32977.15","2971.63","-177.1114","2971.63","-177.1114"
"2022-04-13","11733.08","107029.72","0.00","5566.50","27378.71","118762.61","118762.61","124327.56","124327.56","32945.21","-182.91","620.6400","-182.91","620.6400"
"2022-04-14","12456.29","107033.80","0.00","4841.70","27378.71","119489.86","119489.86","124329.97","124329.97","32220.41","727.25","724.8471","727.25","724.8471"
"2022-04-15","12467.31","107033.80","0.00","4841.61","27378.71","119500.87","119500.87","124340.89","124340.89","32220.32","11.01","720.5886","11.01","720.5886"
"2022-04-16","12485.08","107033.80","0.00","4821.05","27412.48","119518.64","119518.64","124305.79","124305.79","32233.53","17.77","460.5229","17.77","460.5229"
"2022-04-17","12464.94","107033.80","0.00","4803.29","27406.34","119498.51","119498.51","124300.17","124300.17","32209.64","-20.13","457.8071","-20.13","457.8071"
"2022-04-18","12541.32","106930.11","0.00","4801.75","27445.64","119471.21","119471.21","124271.32","124271.32","32247.38","-27.30","499.6171","-27.30","499.6171"
"2022-04-19","12710.97","106610.36","0.00","4822.02","27550.10","119321.10","119321.10","124141.49","124141.49","32372.12","-150.11","53.6543","-150.11","53.6543"
"2022-04-20","11487.74","110470.58","0.00","2182.70","27546.62","121958.09","121958.09","124140.72","124140.72","29729.32","2636.99","456.4971","2636.99","456.4971"
"2022-04-21","11423.80","110540.27","0.00","2177.82","27546.62","121963.84","121963.84","124141.59","124141.59","29724.44","5.75","353.4257","5.75","353.4257"
"2022-04-22","10726.51","111360.44","0.00","1296.25","27544.80","122086.75","122086.75","122852.83","122852.83","28731.00","122.91","369.4114","122.91","369.4114"
"2022-04-23","10513.79","111599.21","0.00","2033.37","27544.80","122112.79","122112.79","124145.83","124145.83","29578.17","26.04","370.5929","26.04","370.5929"
"2022-04-24","10224.84","111898.12","0.00","2033.37","27538.25","122122.46","122122.46","124155.51","124155.51","29571.62","9.67","374.8500","9.67","374.8500"
"2022-04-25","10213.05","0.00","0.00","2022.70","27601.90","10213.05","10213.05","12235.47","12235.47","29624.59","-111909.41","-15608.3086","-111909.41","-15608.3086"
"2022-04-26","10234.99","111876.41","0.00","2000.71","27601.90","122110.89","122110.89","124111.28","124111.28","29602.61","111897.84","398.5414","111897.84","398.5414"
"2022-04-27","7953.64","114162.99","0.00","2007.15","27609.54","122116.07","122116.07","124122.90","124122.90","29616.69","5.18","22.5686","5.18","22.5686"
"2022-04-28","7291.38","114822.14","0.00","2006.74","27612.93","122113.21","122113.21","124119.64","124119.64","29619.67","-2.86","21.3386","-2.86","21.3386"
"2022-04-29","7924.04","113949.66","0.00","2030.20","27787.91","121873.40","121873.40","123903.29","123903.29","29818.11","-239.81","-30.4786","-239.81","-30.4786"
"2022-04-30","7889.39","113949.66","0.00","2030.91","27823.91","121838.75","121838.75","123869.34","123869.34","29854.82","-34.65","-39.1486","-34.65","-39.1486"
"2022-05-01","7915.42","113625.18","0.00","2030.74","28071.85","121540.30","121540.30","123570.72","123570.72","30102.59","-298.45","-83.1657","-298.45","-83.1657"
"2022-05-02","7916.01","113625.18","0.00","2041.01","28071.85","121540.88","121540.88","123581.58","123581.58","30112.86","0.58","15903.9757","0.58","15903.9757"
"2022-05-03","7596.53","113625.18","0.00","2041.01","28398.00","121221.41","121221.41","123262.10","123262.10","30439.01","-319.47","-127.0686","-319.47","-127.0686"
"2022-05-04","7655.51","113556.28","0.00","2051.63","28398.00","121211.49","121211.49","123262.80","123262.80","30449.63","-9.92","-129.2257","-9.92","-129.2257"
"2022-05-05","8104.13","113556.28","0.00","1954.38","28398.00","121660.11","121660.11","123614.18","123614.18","30352.38","448.62","-64.7286","448.62","-64.7286"
"2022-05-06","8324.37","113425.75","0.00","1788.04","28623.86","121749.92","121749.92","123537.67","123537.67","30411.90","89.81","-17.6400","89.81","-17.6400"
"2022-05-07","8456.86","113368.80","0.00","1782.17","28623.86","121825.46","121825.46","123551.52","123551.52","30406.03","75.54","-1.8986","75.54","-1.8986"
"2022-05-08","6704.76","115780.10","0.00","1067.93","28623.86","122484.76","122484.76","123552.68","123552.68","29691.79","659.30","134.9229","659.30","134.9229"
"2022-05-09","6813.33","115775.93","0.00","1054.19","28644.00","122589.16","122589.16","123643.35","123643.35","29698.19","104.40","149.7543","104.40","149.7543"
"2022-05-10","6914.14","115614.67","0.00","1053.67","2797.18","122528.66","122528.66","123582.32","123582.32","3850.84","-60.50","186.7500","-60.50","186.7500"
"2022-05-11","6854.92","115667.74","0.00","1053.67","2808.02","122522.52","122522.52","123576.17","123576.17","3861.69","-6.14","187.2900","-6.14","187.2900"
"2022-05-12","6905.69","115667.74","0.00","1037.20","2801.16","122573.31","122573.31","123610.50","123610.50","3838.35","50.79","130.4571","50.79","130.4571"
"2022-05-13","6878.26","115556.62","0.00","1037.20","2954.86","122434.74","122434.74","123471.93","123471.93","3992.05","-138.57","97.8314","-138.57","97.8314"
"2022-05-14","6892.76","115556.62","0.00","1036.79","2954.86","122449.24","122449.24","123486.01","123486.01","3991.64","14.50","89.1114","14.50","89.1114"
"2022-05-15","6910.83","115556.62","0.00","1056.22","2954.86","122467.31","122467.31","123523.52","123523.52","4011.08","18.07","-2.4929","18.07","-2.4929"
"2022-05-16","6948.14","115557.75","0.00","1043.17","2956.30","122505.75","122505.75","123548.91","123548.91","3999.46","38.44","-11.9157","38.44","-11.9157"
"2022-05-17","7051.11","115571.38","0.00","1082.60","2961.04","122622.35","122622.35","123704.94","123704.94","4043.64","116.60","13.3843","116.60","13.3843"
"2022-05-18","7036.23","115564.81","0.00","1082.60","2982.68","122600.90","122600.90","123683.49","123683.49","4065.28","-21.45","11.1971","-21.45","11.1971"
"2022-05-19","6931.81","115561.05","0.00","1082.60","2987.32","122492.73","122492.73","123575.32","123575.32","4069.92","-108.17","-11.5114","-108.17","-11.5114"
"2022-05-20","7131.62","115437.26","0.00","1211.38","2987.32","122568.74","122568.74","123780.11","123780.11","4198.70","76.01","19.1429","76.01","19.1429"
"2022-05-21","6241.82","116525.52","0.00","1037.86","2987.32","122767.23","122767.23","123805.08","123805.08","4025.18","198.49","45.4271","198.49","45.4271"
"2022-05-22","6336.90","116450.56","0.00","957.57","2974.73","122787.34","122787.34","123744.90","123744.90","3932.30","20.11","45.7186","20.11","45.7186"
"2022-05-23","6596.44","116450.56","0.00","962.74","3009.64","123046.88","123046.88","124009.61","124009.61","3972.38","259.54","77.3043","259.54","77.3043"
"2022-05-24","6602.50","116498.89","0.00","960.36","3009.64","123101.27","123101.27","124061.63","124061.63","3970.00","54.39","68.4171","54.39","68.4171"
"2022-05-25","6730.84","116426.10","0.00","951.87","3077.52","123156.87","123156.87","124108.74","124108.74","4029.38","55.60","79.4243","55.60","79.4243"
"2022-05-26","6546.52","116661.09","0.00","1090.22","3077.52","123207.54","123207.54","124297.76","124297.76","4167.73","50.67","102.1157","50.67","102.1157"
"2022-05-27","6584.17","116661.09","0.00","1052.64","3077.52","123245.19","123245.19","124297.83","124297.83","4130.15","37.65","96.6357","37.65","96.6357"
"2022-05-28","6721.41","116661.09","0.00","908.51","3077.52","123382.44","123382.44","124290.85","124290.85","3986.02","137.25","87.8871","137.25","87.8871"
"2022-05-29","6763.72","116618.59","0.00","790.12","3242.57","123382.25","123382.25","124172.36","124172.36","4032.68","-0.19","84.9871","-0.19","84.9871"
"2022-05-30","6911.94","116579.72","0.00","660.31","3320.28","123491.59","123491.59","124151.90","124151.90","3980.59","109.34","63.5300","109.34","63.5300"
"2022-05-31","6894.00","116556.77","0.00","645.13","3400.23","123448.29","123448.29","124093.42","124093.42","4045.36","-43.30","49.5743","-43.30","49.5743"
"2022-06-01","6895.89","116554.36","0.00","645.13","3398.08","123450.18","123450.18","124095.31","124095.31","4043.21","1.89","41.9014","1.89","41.9014"
"2022-06-02","6648.04","116795.35","0.00","287.80","3810.35","123443.33","123443.33","123731.13","123731.13","4098.15","-6.85","33.6843","-6.85","33.6843"
"2022-06-03","6740.45","116798.63","0.00","336.17","3813.89","123539.01","123539.01","123875.18","123875.18","4150.06","95.68","41.9743","95.68","41.9743"
"2022-06-04","7198.32","116581.58","0.00","343.71","3727.15","123779.83","123779.83","124123.53","124123.53","4070.86","240.82","56.7700","240.82","56.7700"
"2022-06-05","7181.53","116570.13","0.00","295.45","3820.22","123751.59","123751.59","124047.05","124047.05","4115.67","-28.24","52.7629","-28.24","52.7629"
"2022-06-06","7174.64","116570.13","0.00","299.81","3800.06","123744.71","123744.71","124044.52","124044.52","4099.88","-6.88","36.1600","-6.88","36.1600"
"2022-06-07","7191.52","116570.13","0.00","367.39","3783.19","123761.58","123761.58","124128.97","124128.97","4150.59","16.87","44.7557","16.87","44.7557"
"2022-06-08","7245.69","116570.13","0.00","356.36","3814.29","123815.76","123815.76","124172.12","124172.12","4170.65","54.18","52.2257","54.18","52.2257"
"2022-06-09","7247.62","116570.13","0.00","355.89","3814.29","123817.69","123817.69","124173.57","124173.57","4170.18","1.93","53.4800","1.93","53.4800"
"2022-06-10","7247.00","116570.96","0.00","360.97","3814.29","123817.89","123817.89","124178.86","124178.86","4175.26","0.20","39.8400","0.20","39.8400"
"2022-06-11","6740.89","117107.05","0.00","325.05","3814.29","123847.87","123847.87","124172.92","124172.92","4139.34","29.98","9.7200","29.98","9.7200"
"2022-06-12","6740.57","117107.05","0.00","330.14","3814.29","123847.55","123847.55","124177.68","124177.68","4144.43","-0.32","13.7086","-0.32","13.7086"
"2022-06-13","6496.26","117448.79","0.00","422.43","3790.36","123944.98","123944.98","124367.41","124367.41","4212.79","97.43","28.6100","97.43","28.6100"
"2022-06-14","6398.98","117469.20","0.00","433.99","3874.45","123868.12","123868.12","124302.11","124302.11","4308.44","-76.86","15.2200","-76.86","15.2200"
"2022-06-15","6400.54","117469.20","0.00","433.53","3874.45","123869.67","123869.67","124303.20","124303.20","4307.98","1.55","7.7014","1.55","7.7014"
"2022-06-16","6483.36","117460.66","0.00","463.50","3994.23","123943.95","123943.95","124407.44","124407.44","4457.73","74.28","18.0371","74.28","18.0371"
"2022-06-17","6466.52","117460.66","0.00","479.94","4011.48","123927.12","123927.12","124407.05","124407.05","4491.41","-16.83","15.6043","-16.83","15.6043"
"2022-06-18","6471.73","117460.66","0.00","459.53","4011.48","123932.32","123932.32","124391.86","124391.86","4471.01","5.20","12.0643","5.20","12.0643"
"2022-06-19","6473.98","117460.66","0.00","463.08","4009.22","123934.59","123934.59","124397.68","124397.68","4472.30","2.27","12.4343","2.27","12.4343"
"2022-06-20","6415.55","117475.57","0.00","448.21","4071.25","123891.08","123891.08","124339.29","124339.29","4519.46","-43.51","-7.7000","-43.51","-7.7000"
"2022-06-21","6619.86","117483.82","0.00","371.13","3995.02","124103.65","124103.65","124474.78","124474.78","4366.15","212.57","33.6471","212.57","33.6471"
"2022-06-22","6658.09","117423.16","0.00","389.09","4008.82","124081.19","124081.19","124470.28","124470.28","4397.91","-22.46","30.2171","-22.46","30.2171"
"2022-06-23","6704.27","117423.16","0.00","432.11","3983.95","124127.37","124127.37","124559.48","124559.48","4416.06","46.18","26.2029","46.18","26.2029"
"2022-06-24","6764.68","117423.16","0.00","418.29","4049.26","124187.79","124187.79","124606.08","124606.08","4467.55","60.42","37.2386","60.42","37.2386"
"2022-06-25","6348.33","117968.36","0.00","345.64","4054.26","124316.63","124316.63","124662.27","124662.27","4399.90","128.84","54.9014","128.84","54.9014"
"2022-06-26","6362.15","117968.36","0.00","331.77","4054.26","124330.45","124330.45","124662.22","124662.22","4386.03","13.82","56.5514","13.82","56.5514"
"2022-06-27","6416.38","117923.85","0.00","323.40","4068.71","124340.17","124340.17","124663.52","124663.52","4392.12","9.72","64.1557","9.72","64.1557"
"2022-06-28","6306.89","117923.85","0.00","312.61","4201.73","124230.67","124230.67","124543.23","124543.23","4514.33","-109.50","18.1457","-109.50","18.1457"
"2022-06-29","6246.60","117923.85","0.00","314.85","4196.89","124170.38","124170.38","124485.18","124485.18","4511.74","-60.29","12.7414","-60.29","12.7414"
"2022-06-30","6148.64","118024.31","0.00","358.82","4180.17","124172.88","124172.88","124531.66","124531.66","4538.99","2.50","6.5014","2.50","6.5014"
"2022-07-01","6150.64","118024.31","0.00","443.21","4180.17","124174.88","124174.88","124618.04","124618.04","4623.37","2.00","-1.8443","2.00","-1.8443"
"2022-07-02","6237.34","118109.36","0.00","342.42","4192.07","124346.63","124346.63","124689.01","124689.01","4534.49","171.75","4.2857","171.75","4.2857"
"2022-07-03","6124.84","118331.33","0.00","327.81","4192.07","124456.10","124456.10","124783.86","124783.86","4519.87","109.47","17.9500","109.47","17.9500"
"2022-07-04","6132.54","118331.33","0.00","327.81","4192.07","124463.80","124463.80","124791.57","124791.57","4519.87","7.70","17.6614","7.70","17.6614"
"2022-07-05","6076.11","118349.09","0.00","323.97","4220.01","124425.13","124425.13","124749.06","124749.06","4543.98","-38.67","27.7800","-38.67","27.7800"
"2022-07-06","6076.11","118349.09","0.00","323.97","4220.01","124425.13","124425.13","124749.06","124749.06","4543.98","0.00","36.3929","0.00","36.3929"
"2022-07-07","6086.90","118326.23","0.00","323.63","4232.43","124413.06","124413.06","124736.64","124736.64","4556.06","-12.07","34.3114","-12.07","34.3114"
"2022-07-08","5699.37","118728.40","0.00","326.65","4229.36","124427.69","124427.69","124754.31","124754.31","4556.02","14.63","36.1157","14.63","36.1157"
"2022-07-09","5699.37","118728.40","0.00","331.42","4229.36","124427.69","124427.69","124759.07","124759.07","4560.78","0.00","11.5800","0.00","11.5800"
"2022-07-10","5703.00","118728.40","0.00","331.42","4225.74","124431.32","124431.32","124762.70","124762.70","4557.15","3.63","-3.5400","3.63","-3.5400"
"2022-07-11","5723.49","118728.40","0.00","331.42","4205.25","124451.81","124451.81","124783.19","124783.19","4536.66","20.49","-1.7129","20.49","-1.7129"
"2022-07-12","5728.15","118728.40","0.00","328.29","4205.25","124456.47","124456.47","124784.72","124784.72","4533.53","4.66","4.4771","4.66","4.4771"
"2022-07-13","5728.15","118728.40","0.00","347.78","4205.25","124456.47","124456.47","124804.21","124804.21","4553.02","0.00","4.4771","0.00","4.4771"
"2022-07-14","5738.21","118705.28","0.00","423.05","4214.69","124443.41","124443.41","124866.40","124866.40","4637.74","-13.06","4.3357","-13.06","4.3357"
"2022-07-15","5469.96","118981.93","0.00","405.03","4214.69","124451.81","124451.81","124856.78","124856.78","4619.72","8.40","3.4457","8.40","3.4457"
"2022-07-16","5469.96","118981.93","0.00","405.03","4214.69","124451.81","124451.81","124856.78","124856.78","4619.72","0.00","3.4457","0.00","3.4457"
"2022-07-17","5481.36","118981.93","0.00","405.03","4203.30","124463.21","124463.21","124868.18","124868.18","4608.33","11.40","4.5557","11.40","4.5557"
"2022-07-18","5483.91","118981.93","0.00","403.57","4212.34","124465.76","124465.76","124869.27","124869.27","4615.90","2.55","1.9929","2.55","1.9929"
"2022-07-19","5533.99","118981.93","0.00","363.88","4212.34","124515.84","124515.84","124879.70","124879.70","4576.21","50.08","8.4814","50.08","8.4814"
"2022-07-20","5533.99","118981.93","0.00","370.34","4212.34","124515.84","124515.84","124886.17","124886.17","4582.68","0.00","8.4814","0.00","8.4814"
"2022-07-21","5523.00","118976.76","0.00","373.85","4229.08","124499.68","124499.68","124873.51","124873.51","4602.92","-16.16","8.0386","-16.16","8.0386"
"2022-07-22","5522.51","118976.76","0.00","367.84","4240.10","124499.20","124499.20","124867.02","124867.02","4607.94","-0.48","6.7700","-0.48","6.7700"
"2022-07-23","5534.84","118976.76","0.00","367.84","4234.53","124511.53","124511.53","124879.34","124879.34","4602.36","12.33","8.5314","12.33","8.5314"
"2022-07-24","5648.39","118976.76","0.00","355.84","4232.93","124625.07","124625.07","124980.90","124980.90","4588.77","113.54","23.1229","113.54","23.1229"
"2022-07-25","5640.16","118992.25","0.00","354.77","4232.93","124632.34","124632.34","124987.10","124987.10","4587.70","7.27","23.7971","7.27","23.7971"
"2022-07-26","5662.41","118999.21","0.00","342.20","4232.93","124661.55","124661.55","125003.73","125003.73","4575.12","29.21","20.8157","29.21","20.8157"
"2022-07-27","5601.90","119059.73","0.00","349.87","4232.93","124661.57","124661.57","125011.43","125011.43","4582.79","0.02","20.8186","0.02","20.8186"
"2022-07-28","5536.01","119059.73","0.00","343.26","4232.93","124595.68","124595.68","124938.93","124938.93","4576.19","-65.89","13.7143","-65.89","13.7143"
"2022-07-29","5540.31","119059.76","0.00","343.26","4228.61","124600.00","124600.00","124943.25","124943.25","4571.86","4.32","14.4000","4.32","14.4000"
"2022-07-30","5549.21","119059.76","0.00","343.26","4228.61","124608.90","124608.90","124952.15","124952.15","4571.86","8.90","13.9100","8.90","13.9100"
"2022-07-31","5569.73","119059.76","0.00","329.27","4228.61","124629.42","124629.42","124958.68","124958.68","4557.87","20.52","0.6214","20.52","0.6214"
"2022-08-01","5568.29","119059.76","0.00","329.27","4228.58","124627.98","124627.98","124957.24","124957.24","4557.84","-1.44","-0.6229","-1.44","-0.6229"
"2022-08-02","5591.82","119059.76","0.00","326.70","4228.58","124651.51","124651.51","124978.20","124978.20","4555.27","23.53","-1.4343","23.53","-1.4343"
"2022-08-03","5593.43","119059.76","0.00","334.00","4227.44","124653.13","124653.13","124987.10","124987.10","4561.44","1.62","-1.2057","1.62","-1.2057"
"2022-08-04","5563.25","119077.86","0.00","334.39","4240.74","124641.05","124641.05","124975.42","124975.42","4575.12","-12.08","6.4814","-12.08","6.4814"
"2022-08-05","5563.57","119077.86","0.00","344.37","4236.93","124641.37","124641.37","124985.72","124985.72","4581.29","0.32","5.9100","0.32","5.9100"
"2022-08-06","5576.45","119067.53","0.00","338.24","4241.12","124643.92","124643.92","124982.14","124982.14","4579.36","2.55","5.0029","2.55","5.0029"
"2022-08-07","5625.59","119047.30","0.00","336.94","4241.12","124672.84","124672.84","125009.76","125009.76","4578.05","28.92","6.2029","28.92","6.2029"
"2022-08-08","5528.76","119187.15","0.00","335.94","4240.92","124715.85","124715.85","125051.78","125051.78","4576.85","43.01","12.5529","43.01","12.5529"
"2022-08-09","5528.76","119187.15","0.00","371.37","4240.92","124715.85","124715.85","125087.20","125087.20","4612.28","0.00","9.1914","0.00","9.1914"
"2022-08-10","5527.26","119187.15","0.00","371.67","4244.63","124714.34","124714.34","125086.00","125086.00","4616.29","-1.51","8.7443","-1.51","8.7443"
"2022-08-11","5533.04","119187.15","0.00","399.30","4238.84","124720.13","124720.13","125119.42","125119.42","4638.14","5.79","11.2971","5.79","11.2971"
"2022-08-12","5542.67","119187.15","0.00","395.58","4238.84","124729.75","124729.75","125125.32","125125.32","4634.41","9.62","12.6257","9.62","12.6257"
"2022-08-13","3974.65","120821.21","0.00","404.46","4223.23","124795.82","124795.82","125200.27","125200.27","4627.68","66.07","21.7000","66.07","21.7000"
"2022-08-14","3973.27","120821.21","0.00","405.22","4223.23","124794.44","124794.44","125199.65","125199.65","4628.44","-1.38","17.3714","-1.38","17.3714"
"2022-08-15","3973.60","120830.02","0.00","397.15","4223.23","124803.59","124803.59","125200.72","125200.72","4620.37","9.15","12.5343","9.15","12.5343"
"2022-08-16","4005.59","120810.77","0.00","410.03","4186.69","124816.33","124816.33","125226.34","125226.34","4596.72","12.74","14.3543","12.74","14.3543"
"2022-08-17","4021.94","120810.77","0.00","430.85","4158.92","124832.68","124832.68","125263.51","125263.51","4589.77","16.35","16.9057","16.35","16.9057"
"2022-08-18","4021.53","120810.77","0.00","430.85","4159.33","124832.26","124832.26","125263.10","125263.10","4590.18","-0.42","16.0186","-0.42","16.0186"
"2022-08-19","4023.73","120810.77","0.00","574.38","4099.05","124834.47","124834.47","125408.84","125408.84","4673.43","2.21","14.9600","2.21","14.9600"
"2022-08-20","4042.56","120807.87","0.00","565.17","4092.53","124850.40","124850.40","125415.56","125415.56","4657.70","15.93","7.7971","15.93","7.7971"
"2022-08-21","4043.62","120807.87","0.00","565.30","4091.35","124851.46","124851.46","125416.75","125416.75","4656.64","1.06","8.1457","1.06","8.1457"
"2022-08-22","4082.02","120807.87","0.00","543.84","4074.41","124889.86","124889.86","125433.68","125433.68","4618.24","38.40","12.3243","38.40","12.3243"
"2022-08-23","4081.73","120789.99","0.00","606.96","4029.46","124871.68","124871.68","125478.63","125478.63","4636.42","-18.18","7.9071","-18.18","7.9071"
"2022-08-24","4112.65","120789.99","0.00","606.96","4000.04","124902.61","124902.61","125509.56","125509.56","4607.00","30.93","9.9900","30.93","9.9900"
"2022-08-25","4104.58","120798.37","0.00","606.66","4000.04","124902.91","124902.91","125509.56","125509.56","4606.70","0.30","10.0929","0.30","10.0929"
"2022-08-26","4104.58","120798.37","0.00","606.66","4000.04","124902.91","124902.91","125509.56","125509.56","4606.70","0.00","9.7771","0.00","9.7771"
"2022-08-27","4108.05","120798.37","0.00","604.22","4000.04","124906.38","124906.38","125510.59","125510.59","4604.26","3.47","7.9971","3.47","7.9971"
"2022-08-28","4113.25","120798.37","0.00","602.43","3995.50","124911.59","124911.59","125514.01","125514.01","4597.93","5.21","8.5900","5.21","8.5900"
"2022-08-29","4108.18","120798.37","0.00","593.11","4011.34","124906.52","124906.52","125499.61","125499.61","4604.45","-5.07","2.3800","-5.07","2.3800"
"2022-08-30","4120.67","120757.57","0.00","633.09","3999.60","124878.20","124878.20","125511.29","125511.29","4632.69","-28.32","0.9314","-28.32","0.9314"
"2022-08-31","4102.71","120757.57","0.00","633.16","4017.56","124860.24","124860.24","125493.40","125493.40","4650.72","-17.96","-6.0529","-17.96","-6.0529"
"2022-09-01","4127.95","120711.48","0.00","637.98","4033.62","124839.39","124839.39","125477.36","125477.36","4671.60","-20.85","-9.0743","-20.85","-9.0743"
"2022-09-02","4249.94","120547.30","0.00","603.50","4110.29","124797.21","124797.21","125400.70","125400.70","4713.79","-42.18","-15.1000","-42.18","-15.1000"
"2022-09-03","4206.33","120547.30","0.00","814.80","4100.38","124753.60","124753.60","125568.39","125568.39","4915.18","-43.61","-21.8257","-43.61","-21.8257"
"2022-09-04","4235.74","120443.75","0.00","789.33","4199.98","124679.46","124679.46","125468.78","125468.78","4989.31","-74.14","-33.1614","-74.14","-33.1614"
"2022-09-05","4227.94","120443.75","0.00","709.86","4239.45","124671.66","124671.66","125381.51","125381.51","4949.30","-7.80","-33.5514","-7.80","-33.5514"
"2022-09-06","4281.75","120318.62","0.00","716.59","4322.25","124600.33","124600.33","125316.91","125316.91","5038.84","-71.33","-39.6957","-71.33","-39.6957"
"2022-09-07","4285.43","119778.12","0.00","705.95","4779.35","124063.52","124063.52","124769.46","124769.46","5485.30","-536.81","-113.8171","-536.81","-113.8171"
"2022-09-08","4630.35","119169.62","0.00","695.99","5057.51","123799.94","123799.94","124495.91","124495.91","5753.49","-263.58","-148.4929","-263.58","-148.4929"
"2022-09-09","4607.82","118014.34","0.00","694.09","6236.99","122622.13","122622.13","123316.21","123316.21","6931.08","-1177.81","-310.7257","-1177.81","-310.7257"
"2022-09-10","4945.54","114685.44","0.00","626.19","9296.06","119630.95","119630.95","120257.13","120257.13","9922.25","-2991.18","-731.8071","-2991.18","-731.8071"
"2022-09-11","2781.05","112943.64","0.00","561.91","13265.77","115724.66","115724.66","116286.56","116286.56","13827.68","-3906.29","-1279.2571","-3906.29","-1279.2571"
"2022-09-12","2873.43","113652.46","0.00","549.78","13279.14","116525.86","116525.86","117075.62","117075.62","13828.91","801.20","-1163.6857","801.20","-1163.6857"
"2022-09-13","2878.19","113621.79","0.00","635.11","13240.32","116499.95","116499.95","117135.05","117135.05","13875.43","-25.91","-1157.1971","-25.91","-1157.1971"
"2022-09-14","2847.30","113614.45","0.00","657.01","13299.29","116444.83","116444.83","117101.82","117101.82","13956.29","-55.12","-1088.3843","-55.12","-1088.3843"
"2022-09-15","3151.36","113265.65","0.00","645.08","13335.34","116416.89","116416.89","117061.96","117061.96","13980.42","-27.94","-1054.7214","-27.94","-1054.7214"
"2022-09-16","3203.00","113187.92","0.00","645.08","13361.41","116390.80","116390.80","117035.87","117035.87","14006.49","-26.09","-890.1900","-26.09","-890.1900"
"2022-09-17","3291.94","112955.61","0.00","646.27","13504.79","116247.43","116247.43","116893.68","116893.68","14151.05","-143.37","-483.3600","-143.37","-483.3600"
"2022-09-18","3318.18","112923.05","0.00","635.33","13504.79","116241.21","116241.21","116876.53","116876.53","14140.12","-6.22","73.7929","-6.22","73.7929"
"2022-09-19","3282.26","112923.05","0.00","622.46","13553.84","116205.29","116205.29","116827.73","116827.73","14176.30","-35.92","-45.7957","-35.92","-45.7957"
"2022-09-20","3270.48","112923.05","0.00","631.00","13565.62","116193.50","116193.50","116824.49","116824.49","14196.61","-11.79","-43.7786","-11.79","-43.7786"
"2022-09-21","3248.92","112918.72","0.00","631.00","13591.51","116167.61","116167.61","116798.60","116798.60","14222.51","-25.89","-39.6029","-25.89","-39.6029"
"2022-09-22","3377.36","112657.90","0.00","644.54","13726.10","116035.23","116035.23","116679.76","116679.76","14370.64","-132.38","-54.5229","-132.38","-54.5229"
"2022-09-23","3552.12","112478.65","0.00","641.07","13734.05","116030.75","116030.75","116671.81","116671.81","14375.12","-4.48","-51.4357","-4.48","-51.4357"
"2022-09-24","3736.95","112184.08","0.00","608.78","13876.08","115921.01","115921.01","116529.78","116529.78","14484.86","-109.74","-46.6314","-109.74","-46.6314"
"2022-09-25","3888.06","111965.87","0.00","652.07","13899.90","115853.90","115853.90","116505.96","116505.96","14551.97","-67.11","-55.3300","-67.11","-55.3300"
"2022-09-26","3851.20","111965.87","0.00","629.34","13961.63","115817.04","115817.04","116446.37","116446.37","14590.98","-36.86","-55.4643","-36.86","-55.4643"
"2022-09-27","3777.12","111951.66","0.00","615.21","14061.92","115728.75","115728.75","116343.95","116343.95","14677.13","-88.29","-66.3929","-88.29","-66.3929"
"2022-09-28","3742.25","111720.37","0.00","626.16","14321.10","115462.59","115462.59","116088.74","116088.74","14947.27","-266.16","-100.7171","-266.16","-100.7171"
"2022-09-29","3742.70","111720.37","0.00","634.07","14323.06","115463.03","115463.03","116097.09","116097.09","14954.33","0.44","-81.7429","0.44","-81.7429"
"2022-09-30","3686.71","111656.87","0.00","580.74","14493.12","115343.54","115343.54","115924.25","115924.25","15073.86","-119.49","-98.1729","-119.49","-98.1729"
"2022-10-01","3679.12","111529.14","0.00","580.08","14629.04","115208.23","115208.23","115788.27","115788.27","15209.12","-135.31","-101.8257","-135.31","-101.8257"
"2022-10-02","3492.92","111327.15","0.00","569.20","15027.63","114820.04","114820.04","115389.21","115389.21","15596.83","-388.19","-147.6943","-388.19","-147.6943"
"2022-10-03","3700.63","110451.87","0.00","569.20","15695.19","114152.47","114152.47","114721.64","114721.64","16264.39","-667.57","-237.7957","-667.57","-237.7957"
"2022-10-04","3611.51","109538.10","0.00","518.88","16752.84","113149.58","113149.58","113668.42","113668.42","17271.72","-1002.89","-368.4529","-1002.89","-368.4529"
"2022-10-05","3589.50","109380.26","0.00","510.02","16941.31","112969.74","112969.74","113479.73","113479.73","17451.33","-179.84","-356.1214","-179.84","-356.1214"
"2022-10-06","3646.10","109339.04","0.00","471.43","16965.48","112985.12","112985.12","113456.52","113456.52","17436.91","15.38","-353.9871","15.38","-353.9871"
"2022-10-07","3855.10","109143.83","0.00","479.49","16941.48","112998.91","112998.91","113478.38","113478.38","17420.97","13.79","-334.9471","13.79","-334.9471"
"2022-10-08","3854.94","109143.83","0.00","493.25","16923.50","112998.75","112998.75","113491.97","113491.97","17416.75","-0.16","-315.6400","-0.16","-315.6400"
"2022-10-09","3714.66","108947.96","0.00","521.88","17240.27","112662.60","112662.60","113184.45","113184.45","17762.15","-336.15","-308.2057","-336.15","-308.2057"
"2022-10-10","3784.36","108913.75","0.00","648.59","17093.47","112698.08","112698.08","113346.65","113346.65","17742.07","35.48","-207.7700","35.48","-207.7700"
"2022-10-11","3784.36","108913.75","0.00","803.08","16950.04","112698.08","112698.08","113501.13","113501.13","17753.12","0.00","-64.5000","0.00","-64.5000"
"2022-10-12","3616.22","108913.75","0.00","755.72","17165.53","112529.94","112529.94","113285.63","113285.63","17921.25","-168.14","-62.8286","-168.14","-62.8286"
"2022-10-13","3527.84","108913.75","0.00","750.42","17266.75","112441.56","112441.56","113191.95","113191.95","18017.17","-88.38","-77.6514","-88.38","-77.6514"
"2022-10-14","3589.55","108876.67","0.00","721.75","17269.14","112466.19","112466.19","113187.93","113187.93","17990.89","24.63","-76.1029","24.63","-76.1029"
"2022-10-15","3573.90","108876.67","0.00","704.23","17302.32","112450.55","112450.55","113154.76","113154.76","18006.55","-15.64","-78.3143","-15.64","-78.3143"
"2022-10-16","3573.90","108876.67","0.00","700.29","17306.25","112450.55","112450.55","113150.83","113150.83","18006.55","0.00","-30.2929","0.00","-30.2929"
"2022-10-17","3575.66","108876.67","0.00","689.48","17317.24","112452.30","112452.30","113141.77","113141.77","18006.72","1.75","-35.1114","1.75","-35.1114"
"2022-10-18","3585.55","108876.67","0.00","687.81","17308.99","112462.20","112462.20","113150.00","113150.00","17996.80","9.90","-33.6971","9.90","-33.6971"
"2022-10-19","3566.38","108876.67","0.00","702.26","17315.94","112443.02","112443.02","113145.28","113145.28","18018.21","-19.18","-12.4171","-19.18","-12.4171"
"2022-10-20","3566.49","108876.67","0.00","685.36","17320.38","112443.13","112443.13","113128.49","113128.49","18005.75","0.11","0.2243","0.11","0.2243"
"2022-10-21","3539.17","108876.67","0.00","687.24","17345.82","112415.82","112415.82","113103.05","113103.05","18033.06","-27.31","-7.1957","-27.31","-7.1957"
"2022-10-22","3534.27","108863.10","0.00","662.04","17383.41","112397.34","112397.34","113059.37","113059.37","18045.45","-18.48","-7.6014","-18.48","-7.6014"
"2022-10-23","3536.09","108863.10","0.00","655.04","17388.31","112399.16","112399.16","113054.19","113054.19","18043.35","1.82","-7.3414","1.82","-7.3414"
"2022-10-24","3531.75","108863.10","0.00","671.55","17375.61","112394.82","112394.82","113066.36","113066.36","18047.16","-4.34","-8.2114","-4.34","-8.2114"
"2022-10-25","3529.17","108863.10","0.00","588.44","17461.35","112392.24","112392.24","112980.67","112980.67","18049.77","-2.58","-9.9943","-2.58","-9.9943"
"2022-10-26","3494.54","108863.10","0.00","589.50","17496.41","112357.61","112357.61","112947.11","112947.11","18085.90","-34.63","-12.2014","-34.63","-12.2014"
"2022-10-27","3490.88","108863.10","0.00","597.11","17492.59","112353.95","112353.95","112951.05","112951.05","18089.68","-3.66","-12.7400","-3.66","-12.7400"
"2022-10-28","3464.62","108889.37","0.00","602.55","17487.14","112353.95","112353.95","112956.50","112956.50","18089.68","0.00","-8.8386","0.00","-8.8386"
"2022-10-29","3467.63","108889.37","0.00","637.03","17446.60","112356.96","112356.96","112993.98","112993.98","18083.62","3.01","-5.7686","3.01","-5.7686"
"2022-10-30","3467.63","108889.37","0.00","784.79","17403.29","112356.96","112356.96","113141.72","113141.72","18188.06","0.00","-6.0286","0.00","-6.0286"
"2022-10-31","3402.98","108888.66","0.00","733.52","17485.11","112291.61","112291.61","113025.11","113025.11","18218.62","-65.35","-14.7443","-65.35","-14.7443"
"2022-11-01","3449.14","108888.66","0.00","687.16","17485.30","112337.78","112337.78","113024.91","113024.91","18172.45","46.17","-7.7800","46.17","-7.7800"
"2022-11-02","3445.04","108888.66","0.00","675.47","17498.06","112333.68","112333.68","113009.13","113009.13","18173.51","-4.10","-3.4186","-4.10","-3.4186"
"2022-11-03","3475.76","108888.66","0.00","639.06","17502.78","112364.40","112364.40","113003.43","113003.43","18141.82","30.72","1.4929","30.72","1.4929"
"2022-11-04","3478.11","108888.66","0.00","636.82","17502.67","112366.74","112366.74","113003.55","113003.55","18139.48","2.34","1.8271","2.34","1.8271"
"2022-11-05","3484.36","108888.66","0.00","596.41","17525.29","112373.00","112373.00","112969.39","112969.39","18121.70","6.26","2.2914","6.26","2.2914"
"2022-11-06","3493.12","108884.74","0.00","590.96","17525.25","112377.84","112377.84","112968.78","112968.78","18116.21","4.84","2.9829","4.84","2.9829"
"2022-11-07","3517.11","108884.74","0.00","576.33","17522.00","112401.83","112401.83","112978.14","112978.14","18098.33","23.99","15.7457","23.99","15.7457"
"2022-11-08","3615.64","108884.74","0.00","510.84","17488.92","112500.35","112500.35","113011.18","113011.18","17999.75","98.52","23.2243","98.52","23.2243"
"2022-11-09","7028.75","105428.08","0.00","427.33","17595.33","112456.82","112456.82","112884.14","112884.14","18022.65","-43.53","17.5914","-43.53","17.5914"
"2022-11-10","6441.98","105428.08","0.00","338.63","18182.26","111870.05","111870.05","112208.67","112208.67","18520.89","-586.77","-70.6214","-586.77","-70.6214"
"2022-11-11","2377.00","105392.33","0.00","344.56","22202.61","107769.33","107769.33","108113.89","108113.89","22547.18","-4100.72","-656.7729","-4100.72","-656.7729"
"2022-11-12","2419.55","105292.90","0.00","908.51","22262.01","107712.43","107712.43","108476.40","108476.40","22488.14","-56.90","-665.7957","-56.90","-665.7957"
"2022-11-13","2414.97","105292.90","0.00","334.69","22268.90","107707.86","107707.86","108042.55","108042.55","22603.59","-4.57","-667.1400","-4.57","-667.1400"
"2022-11-14","2431.24","105292.90","0.00","332.54","22269.68","107724.13","107724.13","108043.93","108043.93","22602.21","16.27","-668.2429","16.27","-668.2429"
"2022-11-15","2475.11","105218.75","0.00","305.05","22289.88","107693.83","107693.83","107998.88","107998.88","22594.93","-30.30","-686.6457","-30.30","-686.6457"
"2022-11-16","2500.54","105188.95","0.00","301.44","22288.31","107689.47","107689.47","107990.91","107990.91","22589.75","-4.36","-681.0500","-4.36","-681.0500"
"2022-11-17","2521.33","105188.95","0.00","294.18","22293.83","107710.26","107710.26","108004.44","108004.44","22588.01","20.79","-594.2557","20.79","-594.2557"
"2022-11-18","2523.98","105188.95","0.00","293.35","22292.62","107712.91","107712.91","108006.26","108006.26","22585.97","2.65","-8.0600","2.65","-8.0600"
"2022-11-19","2525.73","105188.95","0.00","292.99","22292.62","107714.66","107714.66","108007.65","108007.65","22585.62","1.75","0.3186","1.75","0.3186"
"2022-11-20","2560.45","105188.95","0.00","292.99","22308.42","107749.38","107749.38","108042.37","108042.37","22601.41","34.72","5.9314","34.72","5.9314"
"2022-11-21","2600.19","105188.95","0.00","281.93","22302.21","107766.69","107766.69","108048.62","108048.62","22584.15","17.31","6.0800","17.31","6.0800"
"2022-11-22","2602.25","105188.95","0.00","257.38","22302.21","107768.75","107768.75","108008.89","108008.89","22550.17","2.06","10.7029","2.06","10.7029"
"2022-11-23","2578.07","105188.95","0.00","228.56","22304.44","107767.02","107767.02","107995.57","107995.57","22532.99","-1.73","11.0786","-1.73","11.0786"
"2022-11-24","2555.21","105188.95","0.00","235.63","22320.22","107744.16","107744.16","107979.79","107979.79","22555.85","-22.86","4.8429","-22.86","4.8429"
"2022-11-25","2549.58","105188.95","0.00","254.46","22306.27","107738.53","107738.53","107992.98","107992.98","22560.73","-5.63","3.6600","-5.63","3.6600"
"2022-11-26","2549.61","105188.95","0.00","257.38","22306.27","107738.56","107738.56","107995.93","107995.93","22563.65","0.03","3.4143","0.03","3.4143"
"2022-11-27","2551.51","105188.95","0.00","256.87","22306.27","107740.46","107740.46","107997.32","107997.32","22563.14","1.90","-1.2743","1.90","-1.2743"
"2022-11-28","2561.86","105188.95","0.00","296.53","22305.68","107750.81","107750.81","108047.33","108047.33","22602.20","10.35","-2.2686","10.35","-2.2686"
"2022-11-29","2561.92","105188.95","0.00","301.22","22303.25","107750.87","107750.87","108052.09","108052.09","22604.48","0.06","-2.5543","0.06","-2.5543"
"2022-11-30","2702.37","105040.99","0.00","292.02","22323.67","107743.36","107743.36","108035.38","108035.38","22615.70","-7.51","-3.3800","-7.51","-3.3800"
"2022-12-01","2711.41","105032.11","0.00","302.72","22322.32","107743.52","107743.52","108046.23","108046.23","22625.04","0.16","-0.0914","0.16","-0.0914"
"2022-12-02","2720.63","105032.11","0.00","286.73","22312.32","107752.74","107752.74","108039.47","108039.47","22599.06","9.22","2.0300","9.22","2.0300"
"2022-12-03","2708.50","105002.01","0.00","276.89","22364.22","107710.51","107710.51","107987.40","107987.40","22641.11","-42.23","-4.0071","-42.23","-4.0071"
"2022-12-04","2724.50","105002.01","0.00","278.77","22346.86","107726.50","107726.50","108005.27","108005.27","22625.63","15.99","-1.9943","15.99","-1.9943"
"2022-12-05","2728.92","104954.72","0.00","256.42","22418.99","107683.64","107683.64","107940.05","107940.05","22675.41","-42.86","-9.5957","-42.86","-9.5957"
"2022-12-06","2732.56","104954.72","0.00","256.22","22419.05","107687.28","107687.28","107943.50","107943.50","22675.27","3.64","-9.0843","3.64","-9.0843"
"2022-12-07","2733.52","104954.72","0.00","392.46","22307.51","107688.24","107688.24","108080.69","108080.69","22699.91","0.96","-7.8743","0.96","-7.8743"
"2022-12-08","2790.89","104892.76","0.00","414.94","22284.46","107683.65","107683.65","108098.58","108098.58","22699.35","-4.59","-8.5529","-4.59","-8.5529"
"2022-12-09","2793.49","104890.16","0.00","417.09","22284.46","107683.65","107683.65","108100.73","108100.73","22701.50","0.00","-9.8700","0.00","-9.8700"
"2022-12-10","2826.27","104858.80","0.00","406.78","22292.79","107685.07","107685.07","108091.84","108091.84","22699.51","1.42","-3.6343","1.42","-3.6343"
"2022-12-11","2830.72","104854.24","0.00","373.75","22342.57","107684.96","107684.96","108058.70","108058.70","22716.26","-0.11","-5.9343","-0.11","-5.9343"
"2022-12-12","2834.93","104851.07","0.00","394.14","22322.41","107686.00","107686.00","108080.13","108080.13","22716.48","1.04","0.3371","1.04","0.3371"
"2022-12-13","2848.57","104851.07","0.00","596.44","22108.39","107699.64","107699.64","108296.06","108296.06","22704.77","13.64","1.7657","13.64","1.7657"
"2022-12-14","2901.38","104851.07","0.00","522.94","22130.73","107752.45","107752.45","108275.38","108275.38","22653.66","52.81","9.1729","52.81","9.1729"
"2022-12-15","2906.17","104851.07","0.00","522.94","22130.73","107757.24","107757.24","108280.17","108280.17","22653.66","4.79","10.5129","4.79","10.5129"
"2022-12-16","2915.24","104851.07","0.00","520.07","22130.73","107766.31","107766.31","108286.37","108286.37","22650.79","9.07","11.8086","9.07","11.8086"
"2022-12-17","2915.27","104851.07","0.00","520.07","22130.73","107766.34","107766.34","108286.40","108286.40","22650.79","0.03","11.6100","0.03","11.6100"
"2022-12-18","2916.32","104851.07","0.00","1175.68","22133.43","107767.40","107767.40","108943.08","108943.08","23309.11","1.06","11.7771","1.06","11.7771"
"2022-12-19","2917.70","104851.07","0.00","452.79","22186.38","107768.77","107768.77","108221.55","108221.55","22639.16","1.37","11.8243","1.37","11.8243"
"2022-12-20","2956.10","104817.91","0.00","531.30","22123.03","107774.01","107774.01","108305.28","108305.28","22654.32","5.24","10.6243","5.24","10.6243"
"2022-12-21","2781.60","104992.31","0.00","534.54","22119.97","107773.91","107773.91","108308.42","108308.42","22654.51","-0.10","3.0657","-0.10","3.0657"
"2022-12-22","2782.81","104992.31","0.00","491.50","22161.85","107775.12","107775.12","108266.59","108266.59","22653.34","1.21","2.5543","1.21","2.5543"
"2022-12-23","2783.41","104992.31","0.00","492.86","22162.22","107775.72","107775.72","108268.55","108268.55","22655.07","0.60","1.3443","0.60","1.3443"
"2022-12-24","2783.35","104992.31","0.00","516.65","22162.25","107775.66","107775.66","108292.28","108292.28","22678.89","-0.06","1.3314","-0.06","1.3314"
"2022-12-25","2783.35","104992.31","0.00","516.65","22162.25","107775.66","107775.66","108292.28","108292.28","22678.89","0.00","1.1800","0.00","1.1800"
"2022-12-26","2784.76","104992.31","0.00","520.55","22158.84","107777.07","107777.07","108297.58","108297.58","22679.38","1.41","1.1857","1.41","1.1857"
"2022-12-27","2724.00","104992.31","0.00","497.65","22245.46","107716.31","107716.31","108213.92","108213.92","22743.09","-60.76","-8.2429","-60.76","-8.2429"
"2022-12-28","2698.92","105017.36","0.00","508.12","22243.01","107716.28","107716.28","108224.38","108224.38","22751.13","-0.03","-8.2329","-0.03","-8.2329"
"2022-12-29","2694.94","105017.36","0.00","488.11","22280.05","107712.31","107712.31","108200.39","108200.39","22768.16","-3.97","-8.9729","-3.97","-8.9729"
"2022-12-30","2683.74","105017.36","0.00","504.45","22278.52","107701.10","107701.10","108205.53","108205.53","22782.96","-11.21","-10.6600","-11.21","-10.6600"
"2022-12-31","2694.40","105002.83","0.00","511.60","22278.51","107697.22","107697.22","108208.80","108208.80","22790.11","-3.88","-11.2057","-3.88","-11.2057"
"2023-01-01","2781.99","105002.83","0.00","419.83","22282.69","107784.81","107784.81","108204.62","108204.62","22702.52","87.59","1.3071","87.59","1.3071"
"2023-01-02","2783.98","105002.83","0.00","429.17","22286.90","107786.80","107786.80","108215.95","108215.95","22716.07","1.99","1.3900","1.99","1.3900"
"2023-01-03","2792.92","105002.83","0.00","423.24","22283.89","107795.74","107795.74","108218.96","108218.96","22707.13","8.94","11.3471","8.94","11.3471"
"2023-01-04","2804.31","105002.83","0.00","423.24","22283.89","107807.13","107807.13","108230.35","108230.35","22707.13","11.39","12.9786","11.39","12.9786"
"2023-01-05","2812.05","105002.83","0.00","438.90","22263.32","107814.88","107814.88","108253.76","108253.76","22702.22","7.75","14.6529","7.75","14.6529"
"2023-01-06","2812.06","105002.83","0.00","450.93","22263.32","107814.89","107814.89","108265.79","108265.79","22714.24","0.01","16.2557","0.01","16.2557"
"2023-01-07","2847.56","105002.83","0.00","440.40","22263.32","107850.39","107850.39","108290.77","108290.77","22703.72","35.50","21.8814","35.50","21.8814"
"2023-01-08","2787.14","105002.83","0.00","448.71","22320.73","107789.96","107789.96","108238.65","108238.65","22769.44","-60.43","0.7357","-60.43","0.7357"
"2023-01-09","2777.87","104997.82","0.00","461.90","22334.72","107775.69","107775.69","108237.57","108237.57","22796.63","-14.27","-1.5871","-14.27","-1.5871"
"2023-01-10","2765.65","104997.82","0.00","465.86","22353.08","107763.47","107763.47","108229.30","108229.30","22818.94","-12.22","-4.6100","-12.22","-4.6100"
"2023-01-11","2768.03","104997.82","0.00","449.66","22367.06","107765.85","107765.85","108215.48","108215.48","22816.72","2.38","-5.8971","2.38","-5.8971"
"2023-01-12","2718.07","105074.83","0.00","438.63","22365.18","107792.90","107792.90","108231.51","108231.51","22803.81","27.05","-3.1400","27.05","-3.1400"
"2023-01-13","2723.00","105074.83","0.00","437.19","22365.17","107797.83","107797.83","108234.99","108234.99","22802.36","4.93","-2.4371","4.93","-2.4371"
"2023-01-14","2778.50","105022.66","0.00","432.55","22362.59","107801.15","107801.15","108233.68","108233.68","22795.13","3.32","-7.0343","3.32","-7.0343"
"2023-01-15","2789.63","105022.66","0.00","419.24","22361.17","107812.28","107812.28","108231.51","108231.51","22780.41","11.13","3.1886","11.13","3.1886"
"2023-01-16","2796.73","105022.66","0.00","417.26","22358.92","107819.38","107819.38","108236.62","108236.62","22776.18","7.10","6.2414","7.10","6.2414"
"2023-01-17","2823.95","105022.66","0.00","415.20","22339.68","107846.61","107846.61","108261.79","108261.79","22754.89","27.23","11.8771","27.23","11.8771"
"2023-01-18","2825.72","105022.66","0.00","411.78","22341.54","107848.37","107848.37","108260.14","108260.14","22753.32","1.76","11.7886","1.76","11.7886"
"2023-01-19","2950.79","105022.66","0.00","300.94","22341.48","107973.45","107973.45","108274.38","108274.38","22642.41","125.08","25.7929","125.08","25.7929"
"2023-01-20","2951.46","105022.66","0.00","515.76","22341.48","107974.11","107974.11","108489.87","108489.87","22857.24","0.66","25.1829","0.66","25.1829"
"2023-01-21","2789.26","105189.64","0.00","516.00","22341.48","107978.90","107978.90","108494.90","108494.90","22857.48","4.79","25.3929","4.79","25.3929"
"2023-01-22","2797.74","105189.64","0.00","487.95","22341.48","107987.38","107987.38","108475.33","108475.33","22829.43","8.48","25.0143","8.48","25.0143"
"2023-01-23","2794.34","105189.64","0.00","522.35","22346.80","107983.98","107983.98","108506.33","108506.33","22869.15","-3.40","23.5143","-3.40","23.5143"
"2023-01-24","2807.08","105189.64","0.00","525.12","22344.50","107996.72","107996.72","108521.83","108521.83","22869.62","12.74","21.4443","12.74","21.4443"
"2023-01-25","2816.46","105189.64","0.00","492.18","22344.63","108006.10","108006.10","108498.28","108498.28","22836.81","9.38","22.5329","9.38","22.5329"
"2023-01-26","2816.75","105189.64","0.00","467.08","22320.22","108006.39","108006.39","108473.47","108473.47","22787.30","0.29","4.7057","0.29","4.7057"
"2023-01-27","2324.45","105699.80","0.00","450.46","22320.19","108024.25","108024.25","108474.71","108474.71","22770.65","17.86","7.1629","17.86","7.1629"
"2023-01-28","2353.11","105699.80","0.00","424.07","22314.38","108052.91","108052.91","108476.97","108476.97","22738.45","28.66","10.5729","28.66","10.5729"
"2023-01-29","2379.88","105681.32","0.00","414.71","22313.85","108061.20","108061.20","108475.91","108475.91","22728.56","8.29","10.5457","8.29","10.5457"
"2023-01-30","2384.49","105681.79","0.00","422.23","22309.75","108066.28","108066.28","108488.51","108488.51","22731.98","5.08","11.7571","5.08","11.7571"
"2023-01-31","2383.36","105681.79","0.00","429.07","22311.27","108065.15","108065.15","108494.22","108494.22","22740.34","-1.13","9.7757","-1.13","9.7757"
"2023-02-01","2385.44","105681.79","0.00","443.08","22308.79","108067.23","108067.23","108510.31","108510.31","22751.87","2.08","8.7329","2.08","8.7329"
"2023-02-02","2387.13","105681.79","0.00","504.86","22248.08","108068.92","108068.92","108573.78","108573.78","22752.94","1.69","8.9329","1.69","8.9329"
"2023-02-03","2388.28","105681.79","0.00","519.63","22236.92","108070.06","108070.06","108589.69","108589.69","22756.55","1.14","6.5443","1.14","6.5443"
"2023-02-04","2428.96","105681.79","0.00","545.13","22177.67","108110.75","108110.75","108655.87","108655.87","22722.80","40.69","8.2629","40.69","8.2629"
"2023-02-05","2433.01","105681.79","0.00","562.75","22159.79","108114.79","108114.79","108677.53","108677.53","22722.53","4.04","7.6557","4.04","7.6557"
"2023-02-06","2437.54","105683.35","0.00","563.40","22153.12","108120.88","108120.88","108684.27","108684.27","22716.51","6.09","7.8000","6.09","7.8000"
"2023-02-07","2449.79","105683.35","0.00","551.17","22153.12","108133.14","108133.14","108684.30","108684.30","22704.28","12.26","9.7129","12.26","9.7129"
"2023-02-08","2461.98","105683.35","0.00","555.11","22153.12","108145.33","108145.33","108700.43","108700.43","22708.22","12.19","11.1571","12.19","11.1571"
"2023-02-09","2471.04","105683.35","0.00","546.70","22152.47","108154.39","108154.39","108701.08","108701.08","22699.17","9.06","12.2100","9.06","12.2100"
"2023-02-10","2493.05","105683.35","0.00","559.14","22146.37","108176.40","108176.40","108735.54","108735.54","22705.51","22.01","15.1914","22.01","15.1914"
"2023-02-11","2443.20","105735.66","0.00","548.62","22154.44","108178.86","108178.86","108727.48","108727.48","22703.05","2.46","9.7300","2.46","9.7300"
"2023-02-12","2442.56","105736.37","0.00","552.81","22142.42","108178.93","108178.93","108731.74","108731.74","22695.23","0.07","9.1629","0.07","9.1629"
"2023-02-13","2449.99","105736.37","0.00","548.97","22138.83","108186.35","108186.35","108735.32","108735.32","22687.80","7.42","9.3529","7.42","9.3529"
"2023-02-14","2462.84","105736.37","0.00","577.42","22099.32","108199.21","108199.21","108776.63","108776.63","22676.74","12.86","9.4386","12.86","9.4386"
"2023-02-15","2472.13","105750.75","0.00","583.07","22092.58","108222.88","108222.88","108805.95","108805.95","22675.65","23.67","11.0786","23.67","11.0786"
"2023-02-16","2475.80","105747.70","0.00","587.29","22093.13","108223.49","108223.49","108810.78","108810.78","22680.42","0.61","9.8714","0.61","9.8714"
"2023-02-17","2475.12","105747.70","0.00","621.31","22066.08","108222.82","108222.82","108844.13","108844.13","22687.39","-0.67","6.6314","-0.67","6.6314"
"2023-02-18","2487.47","105747.70","0.00","615.16","22066.72","108235.16","108235.16","108850.32","108850.32","22681.88","12.34","8.0429","12.34","8.0429"
"2023-02-19","2488.33","105747.70","0.00","617.24","22066.65","108236.03","108236.03","108853.26","108853.26","22683.89","0.87","8.1571","0.87","8.1571"
"2023-02-20","2489.18","105747.70","0.00","614.41","22069.05","108236.87","108236.87","108851.28","108851.28","22683.46","0.84","7.2171","0.84","7.2171"
"2023-02-21","2498.28","105747.70","0.00","610.93","22069.42","108245.97","108245.97","108856.90","108856.90","22680.34","9.10","6.6800","9.10","6.6800"
"2023-02-22","2505.79","105747.70","0.00","606.51","22069.42","108253.48","108253.48","108859.99","108859.99","22675.93","7.51","4.3714","7.51","4.3714"
"2023-02-23","2514.88","105747.70","0.00","602.61","22073.26","108262.58","108262.58","108865.17","108865.17","22675.86","9.10","5.5843","9.10","5.5843"
"2023-02-24","2517.63","105747.70","0.00","603.34","22073.26","108265.33","108265.33","108868.65","108868.65","22676.60","2.75","6.0729","2.75","6.0729"
"2023-02-25","2518.68","105747.70","0.00","599.80","22073.23","108266.37","108266.37","108866.15","108866.15","22673.03","1.04","4.4586","1.04","4.4586"
"2023-02-26","2518.18","105747.70","0.00","597.81","22075.22","108265.88","108265.88","108863.67","108863.67","22673.03","-0.49","4.2643","-0.49","4.2643"
"2023-02-27","2551.09","105747.70","0.00","573.87","22076.42","108298.78","108298.78","108872.63","108872.63","22650.29","32.90","8.8443","32.90","8.8443"
"2023-02-28","2551.46","105747.70","0.00","571.47","22078.47","108299.16","108299.16","108870.61","108870.61","22649.94","0.38","7.5986","0.38","7.5986"
"2023-03-01","2560.40","105747.70","0.00","569.82","22079.46","108308.09","108308.09","108877.89","108877.89","22649.28","8.93","7.8014","8.93","7.8014"
"2023-03-02","2575.69","105747.69","0.00","549.66","22085.18","108323.37","108323.37","108873.01","108873.01","22634.84","15.28","8.6843","15.28","8.6843"
"2023-03-03","2579.59","105747.69","0.00","547.57","22086.24","108327.28","108327.28","108874.83","108874.83","22633.81","3.91","8.8500","3.91","8.8500"
"2023-03-04","2179.55","106331.80","0.00","546.20","22076.80","108511.12","108511.12","109057.32","109057.32","22623.01","183.84","34.9643","183.84","34.9643"
"2023-03-05","2181.14","106311.44","0.00","547.98","22077.51","108492.57","108492.57","109040.55","109040.55","22625.48","-18.55","32.3843","-18.55","32.3843"
"2023-03-06","2182.28","106311.44","0.00","561.08","22077.43","108493.71","108493.71","109054.79","109054.79","22638.51","1.14","27.8471","1.14","27.8471"
"2023-03-07","2188.08","106311.44","0.00","556.39","22076.33","108499.52","108499.52","109055.91","109055.91","22632.73","5.81","28.6229","5.81","28.6229"
"2023-03-08","2190.94","106311.44","0.00","558.19","22074.33","108502.37","108502.37","109060.56","109060.56","22632.53","2.85","27.7543","2.85","27.7543"
"2023-03-09","2193.08","106311.44","0.00","561.56","22074.33","108504.51","108504.51","109066.07","109066.07","22635.89","2.14","25.8771","2.14","25.8771"
"2023-03-10","2187.12","106319.58","0.00","568.90","22065.23","108506.69","108506.69","109075.59","109075.59","22634.13","2.18","25.6300","2.18","25.6300"
"2023-03-11","2188.88","106319.84","0.00","564.49","22072.84","108508.72","108508.72","109073.22","109073.22","22637.33","2.03","-0.3429","2.03","-0.3429"
"2023-03-12","2203.66","106319.84","0.00","548.13","22072.84","108523.50","108523.50","109071.63","109071.63","22620.97","14.78","4.4186","14.78","4.4186"
"2023-03-13","2215.89","106319.84","0.00","537.81","22073.23","108535.73","108535.73","109072.13","109072.13","22611.05","12.23","6.0029","12.23","6.0029"
"2023-03-14","2221.65","106319.84","0.00","541.81","22073.15","108541.49","108541.49","109081.89","109081.89","22614.96","5.76","5.9957","5.76","5.9957"
"2023-03-15","2160.43","106391.76","0.00","547.57","22073.15","108552.19","108552.19","109098.35","109098.35","22620.72","10.70","7.1171","10.70","7.1171"
"2023-03-16","2166.08","106391.76","0.00","546.64","22073.46","108557.84","108557.84","109104.48","109104.48","22620.10","5.65","7.6186","5.65","7.6186"
"2023-03-17","2166.08","106391.76","0.00","573.45","22047.78","108557.84","108557.84","109131.29","109131.29","22621.23","0.00","7.3071","0.00","7.3071"
"2023-03-18","2169.00","106391.76","0.00","637.17","22047.78","108560.76","108560.76","109197.93","109197.93","22684.95","2.92","7.4343","2.92","7.4343"
"2023-03-19","2194.49","106387.57","0.00","623.21","22047.95","108582.06","108582.06","109205.27","109205.27","22671.16","21.30","8.3657","21.30","8.3657"
"2023-03-20","2202.47","106387.57","0.00","625.30","22046.31","108590.03","108590.03","109215.33","109215.33","22671.61","7.97","7.7571","7.97","7.7571"
"2023-03-21","2204.19","106387.57","0.00","625.72","22045.00","108591.76","108591.76","109217.48","109217.48","22670.72","1.73","7.1814","1.73","7.1814"
"2023-03-22","2199.92","106387.57","0.00","626.66","22048.17","108587.49","108587.49","109214.14","109214.14","22674.83","-4.27","5.0429","-4.27","5.0429"
"2023-03-23","2200.70","106387.57","0.00","633.28","22048.69","108588.27","108588.27","109221.55","109221.55","22681.97","0.78","4.3471","0.78","4.3471"
"2023-03-24","2200.42","106387.57","0.00","640.07","22049.96","108587.99","108587.99","109228.06","109228.06","22690.03","-0.28","4.3071","-0.28","4.3071"
"2023-03-25","2201.40","106387.57","0.00","639.02","22050.31","108588.97","108588.97","109227.99","109227.99","22689.33","0.98","4.0300","0.98","4.0300"
"2023-03-26","2201.73","106387.57","0.00","638.94","22050.31","108589.29","108589.29","109228.23","109228.23","22689.25","0.32","1.0329","0.32","1.0329"
"2023-03-27","2211.12","106387.57","0.00","633.14","22048.85","108598.68","108598.68","109231.82","109231.82","22681.99","9.39","1.2357","9.39","1.2357"
"2023-03-28","2171.69","106423.93","0.00","611.72","22073.49","108595.61","108595.61","109207.33","109207.33","22685.21","-3.07","0.5500","-3.07","0.5500"
"2023-03-29","2175.79","106423.93","0.00","610.65","22073.49","108599.71","108599.71","109210.36","109210.36","22684.14","4.10","1.7457","4.10","1.7457"
"2023-03-30","2180.99","106423.93","0.00","603.90","22075.20","108604.92","108604.92","109208.81","109208.81","22679.10","5.21","2.3786","5.21","2.3786"
"2023-03-31","2184.19","106423.93","0.00","601.02","22075.25","108608.12","108608.12","109209.14","109209.14","22676.28","3.20","2.8757","3.20","2.8757"
"2023-04-01","2183.71","106423.93","0.00","601.02","22075.73","108607.64","108607.64","109208.66","109208.66","22676.75","-0.48","2.6671","-0.48","2.6671"
"2023-04-02","2185.00","106423.93","0.00","600.02","22075.73","108608.92","108608.92","109208.94","109208.94","22675.75","1.28","2.8043","1.28","2.8043"
"2023-04-03","2183.85","106423.93","0.00","600.66","22077.07","108607.78","108607.78","109208.43","109208.43","22677.73","-1.14","1.3000","-1.14","1.3000"
"2023-04-04","2184.37","106423.93","0.00","598.82","22078.94","108608.29","108608.29","109207.12","109207.12","22677.76","0.51","1.8114","0.51","1.8114"
"2023-04-05","2184.32","106425.72","0.00","597.17","22078.94","108610.04","108610.04","109207.20","109207.20","22676.11","1.75","1.4757","1.75","1.4757"
"2023-04-06","2188.49","106425.72","0.00","593.36","22078.82","108614.21","108614.21","109207.56","109207.56","22672.18","4.17","1.3271","4.17","1.3271"
"2023-04-07","2221.72","106425.72","0.00","561.61","22078.82","108647.44","108647.44","109209.05","109209.05","22640.43","33.23","5.6171","33.23","5.6171"
"2023-04-08","2221.75","106425.72","0.00","561.78","22078.82","108647.47","108647.47","109209.25","109209.25","22640.60","0.03","5.6900","0.03","5.6900"
"2023-04-09","2222.01","106425.72","0.00","561.46","22078.82","108647.73","108647.73","109209.19","109209.19","22640.28","0.26","5.5443","0.26","5.5443"
"2023-04-10","2222.18","106425.72","0.00","561.23","22078.89","108647.90","108647.90","109209.12","109209.12","22640.11","0.17","5.7314","0.17","5.7314"
"2023-04-11","2236.78","106425.72","0.00","550.23","22075.37","108662.50","108662.50","109212.73","109212.73","22625.60","14.60","7.7443","14.60","7.7443"
"2023-04-12","2236.92","106425.72","0.00","550.20","22075.37","108662.64","108662.64","109212.84","109212.84","22625.57","0.14","7.5143","0.14","7.5143"
"2023-04-13","2240.93","106427.58","0.00","548.48","22071.35","108668.52","108668.52","109216.99","109216.99","22619.83","5.88","7.7586","5.88","7.7586"
"2023-04-14","2243.79","106427.58","0.00","555.16","22071.42","108671.37","108671.37","109226.54","109226.54","22626.59","2.85","3.4186","2.85","3.4186"
"2023-04-15","2244.23","106427.58","0.00","560.13","22066.50","108671.82","108671.82","109231.94","109231.94","22626.64","0.45","3.4786","0.45","3.4786"
"2023-04-16","2244.17","106427.58","0.00","560.13","22066.57","108671.75","108671.75","109231.88","109231.88","22626.70","-0.07","3.4314","-0.07","3.4314"
"2023-04-17","2244.34","106427.58","0.00","560.02","22066.57","108671.92","108671.92","109231.93","109231.93","22626.58","0.17","3.4314","0.17","3.4314"
"2023-04-18","2171.47","106508.48","0.00","552.16","22066.49","108679.95","108679.95","109232.11","109232.11","22618.65","8.03","2.4929","8.03","2.4929"
"2023-04-19","2142.04","106508.48","0.00","551.22","22097.34","108650.53","108650.53","109201.74","109201.74","22648.56","-29.42","-1.7300","-29.42","-1.7300"
"2023-04-20","2142.09","106508.48","0.00","551.13","22097.39","108650.58","108650.58","109201.70","109201.70","22648.52","0.05","-2.5629","0.05","-2.5629"
"2023-04-21","2144.68","106508.48","0.00","548.98","22097.39","108653.16","108653.16","109202.13","109202.13","22646.37","2.58","-2.6014","2.58","-2.6014"
"2023-04-22","2146.06","106474.04","0.00","556.12","22120.59","108620.10","108620.10","109176.21","109176.21","22676.71","-33.06","-7.3886","-33.06","-7.3886"
"2023-04-23","2146.01","106474.04","0.00","554.63","22122.24","108620.05","108620.05","109174.67","109174.67","22676.86","-0.05","-7.3857","-0.05","-7.3857"
"2023-04-24","2144.31","106474.04","0.00","554.19","22124.50","108618.35","108618.35","109172.53","109172.53","22678.69","-1.70","-7.6529","-1.70","-7.6529"
"2023-04-25","2142.55","106474.04","0.00","551.94","22131.73","108616.59","108616.59","109168.52","109168.52","22683.67","-1.76","-9.0514","-1.76","-9.0514"
"2023-04-26","2149.22","106474.04","0.00","548.12","22129.34","108623.26","108623.26","109171.37","109171.37","22677.45","6.67","-3.8957","6.67","-3.8957"
"2023-04-27","2149.22","106474.04","0.00","548.90","22129.34","108623.26","108623.26","109172.15","109172.15","22678.24","0.00","-3.9029","0.00","-3.9029"
"2023-04-28","2150.04","106474.04","0.00","526.32","22150.49","108624.08","108624.08","109150.39","109150.39","22676.80","0.82","-4.1543","0.82","-4.1543"
"2023-04-29","2151.09","106474.04","0.00","526.75","22150.49","108625.13","108625.13","109151.88","109151.88","22677.24","1.05","0.7186","1.05","0.7186"
"2023-04-30","2151.14","106474.04","0.00","497.28","22151.03","108625.18","108625.18","109122.45","109122.45","22648.31","0.05","0.7329","0.05","0.7329"
"2023-05-01","2150.92","106474.04","0.00","496.93","22151.25","108624.96","108624.96","109121.89","109121.89","22648.18","-0.22","0.9443","-0.22","0.9443"
"2023-05-02","2151.09","106474.04","0.00","495.54","22152.43","108625.14","108625.14","109120.67","109120.67","22647.97","0.18","1.2214","0.18","1.2214"
"2023-05-03","2151.31","106474.04","0.00","495.35","22152.41","108625.35","108625.35","109120.70","109120.70","22647.76","0.21","0.2986","0.21","0.2986"
"2023-05-04","2150.97","106474.04","0.00","495.66","22152.45","108625.01","108625.01","109120.66","109120.66","22648.10","-0.34","0.2500","-0.34","0.2500"
"2023-05-05","2151.24","106474.04","0.00","495.40","22152.45","108625.28","108625.28","109120.68","109120.68","22647.85","0.27","0.1714","0.27","0.1714"
"2023-05-06","2151.30","106474.04","0.00","495.31","22152.52","108625.34","108625.34","109120.65","109120.65","22647.83","0.06","0.0300","0.06","0.0300"
"2023-05-07","2151.35","106474.04","0.00","495.26","22152.52","108625.39","108625.39","109120.65","109120.65","22647.78","0.05","0.0300","0.05","0.0300"
"2023-05-08","2143.36","106482.30","0.00","494.21","22153.30","108625.66","108625.66","109119.86","109119.86","22647.51","0.27","0.1000","0.27","0.1000"
"2023-05-09","2138.30","106482.30","0.00","493.92","22159.07","108620.60","108620.60","109114.51","109114.51","22652.99","-5.06","-0.6486","-5.06","-0.6486"
"2023-05-10","2159.90","106461.31","0.00","490.98","22159.81","108621.20","108621.20","109112.18","109112.18","22650.79","0.60","-0.5929","0.60","-0.5929"
"2023-05-11","2129.16","106461.31","0.00","472.05","22206.08","108590.47","108590.47","109062.52","109062.52","22678.13","-30.73","-4.9343","-30.73","-4.9343"
"2023-05-12","2124.41","106457.58","0.00","464.12","120.34","108581.99","108581.99","109046.11","109046.11","584.46","-8.48","-6.1843","-8.48","-6.1843"
"2023-05-13","2119.77","106457.58","0.00","469.78","125.38","108577.35","108577.35","109047.13","109047.13","595.16","-4.64","-6.8557","-4.64","-6.8557"
"2023-05-14","2119.83","106457.58","0.00","469.98","125.32","108577.41","108577.41","109047.38","109047.38","595.31","0.06","-6.8543","0.06","-6.8543"
"2023-05-15","2114.46","106457.58","0.00","472.27","130.69","108572.04","108572.04","109044.30","109044.30","602.97","-5.37","-7.6600","-5.37","-7.6600"
"2023-05-16","2114.73","106457.58","0.00","452.78","130.74","108572.31","108572.31","109025.09","109025.09","583.52","0.27","-6.8986","0.27","-6.8986"
"2023-05-17","2114.75","106457.58","0.00","449.98","130.74","108572.32","108572.32","109022.30","109022.30","580.72","0.01","-6.9829","0.01","-6.9829"
"2023-05-18","2125.18","106446.88","0.00","448.60","137.72","108572.06","108572.06","109020.65","109020.65","586.32","-0.26","-2.6300","-0.26","-2.6300"
"2023-05-19","2124.55","106446.88","0.00","447.12","138.39","108571.43","108571.43","109018.55","109018.55","585.51","-0.63","-1.5086","-0.63","-1.5086"
"2023-05-20","1853.85","106719.75","0.00","447.19","138.67","108573.59","108573.59","109020.78","109020.78","585.87","2.16","-0.5371","2.16","-0.5371"
"2023-05-21","1873.52","106719.75","0.00","449.31","138.58","108593.27","108593.27","109025.27","109025.27","587.89","19.68","2.2657","19.68","2.2657"
"2023-05-22","1854.86","106719.75","0.00","422.60","159.54","108574.60","108574.60","108997.19","108997.19","582.14","-18.67","0.3657","-18.67","0.3657"
"2023-05-23","1850.41","106726.00","0.00","419.99","160.34","108576.41","108576.41","108996.39","108996.39","580.34","1.81","0.5857","1.81","0.5857"
"2023-05-24","1851.36","106726.00","0.00","419.11","160.34","108577.36","108577.36","108996.46","108996.46","579.46","0.95","0.7200","0.95","0.7200"
"2023-05-25","1851.60","106726.00","0.00","415.18","160.95","108577.60","108577.60","108992.78","108992.78","576.12","0.24","0.7914","0.24","0.7914"
"2023-05-26","1852.22","106726.00","0.00","413.50","161.19","108578.22","108578.22","108991.72","108991.72","574.70","0.62","0.9700","0.62","0.9700"
"2023-05-27","1854.03","106726.00","0.00","414.20","161.19","108580.03","108580.03","108994.23","108994.23","575.40","1.81","0.9200","1.81","0.9200"
"2023-05-28","1854.18","106726.00","0.00","414.20","161.05","108580.18","108580.18","108994.37","108994.37","575.25","0.15","-1.8700","0.15","-1.8700"
"2023-05-29","1852.57","106726.00","0.00","412.18","162.71","108578.57","108578.57","108990.74","108990.74","574.89","-1.61","0.5671","-1.61","0.5671"
"2023-05-30","1853.13","106726.00","0.00","411.62","162.71","108579.13","108579.13","108990.74","108990.74","574.33","0.56","0.3886","0.56","0.3886"
"2023-05-31","1853.29","106726.00","0.00","411.46","162.71","108579.29","108579.29","108990.74","108990.74","574.17","0.16","0.2757","0.16","0.2757"
"2023-06-01","1855.10","106726.00","0.00","417.59","162.71","108581.11","108581.11","108998.69","108998.69","580.30","1.82","0.5014","1.82","0.5014"
"2023-06-02","1855.21","106726.00","0.00","419.83","162.71","108581.21","108581.21","109001.04","109001.04","582.54","0.10","0.4271","0.10","0.4271"
"2023-06-03","1856.60","106726.00","0.00","417.60","162.71","108582.60","108582.60","109000.20","109000.20","580.31","1.39","0.3671","1.39","0.3671"
"2023-06-04","1892.21","106675.21","0.00","389.96","177.87","108567.42","108567.42","108957.37","108957.37","567.83","-15.18","-1.8229","-15.18","-1.8229"
"2023-06-05","1956.04","106592.12","0.00","395.23","192.06","108548.15","108548.15","108943.38","108943.38","587.29","-19.27","-4.3457","-19.27","-4.3457"
"2023-06-06","1831.13","106491.64","0.00","364.31","143.82","108322.77","108322.77","108687.07","108687.07","508.13","-225.38","-36.6229","-225.38","-36.6229"
"2023-06-07","1831.04","106301.96","0.00","353.10","143.91","108132.99","108132.99","108486.08","108486.08","497.01","-189.78","-63.7571","-189.78","-63.7571"
"2023-06-08","1828.91","106212.13","0.00","355.08","144.05","108041.05","108041.05","108396.12","108396.12","499.13","-91.94","-77.1514","-91.94","-77.1514"
"2023-06-09","1817.81","106159.13","0.00","348.39","177.25","107976.94","107976.94","108325.32","108325.32","525.64","-64.11","-86.3243","-64.11","-86.3243"
"2023-06-10","1803.91","106159.13","0.00","329.60","191.64","107963.03","107963.03","108292.62","108292.62","521.24","-13.91","-88.5100","-13.91","-88.5100"
"2023-06-11","1780.38","106159.13","0.00","324.97","218.81","107939.50","107939.50","108264.47","108264.47","543.77","-23.53","-89.7029","-23.53","-89.7029"
"2023-06-12","1756.23","106159.13","0.00","324.97","242.95","107915.36","107915.36","108240.32","108240.32","567.92","-24.14","-90.3986","-24.14","-90.3986"
"2023-06-13","1557.97","106390.13","0.00","292.23","242.95","107948.09","107948.09","108240.33","108240.33","535.18","32.73","-53.5257","32.73","-53.5257"
"2023-06-14","1558.01","106390.13","0.00","292.19","242.95","107948.14","107948.14","108240.33","108240.33","535.14","0.05","-26.4071","0.05","-26.4071"
"2023-06-15","1568.48","106504.24","0.00","290.98","260.03","108072.71","108072.71","108363.69","108363.69","551.01","124.57","4.5229","124.57","4.5229"
"2023-06-16","1572.24","106502.48","0.00","288.70","262.96","108074.72","108074.72","108363.41","108363.41","551.66","2.01","13.9686","2.01","13.9686"
"2023-06-17","1567.45","106500.71","0.00","306.79","269.97","108068.16","108068.16","108374.95","108374.95","576.76","-6.56","15.0186","-6.56","15.0186"
"2023-06-18","1577.70","106639.31","0.00","306.57","270.36","108217.01","108217.01","108523.58","108523.58","576.92","148.85","39.6443","148.85","39.6443"
"2023-06-19","1593.42","106639.31","0.00","287.09","268.45","108232.73","108232.73","108519.82","108519.82","555.54","15.72","45.3386","15.72","45.3386"
"2023-06-20","1592.91","106639.31","0.00","289.57","266.48","108232.22","108232.22","108521.79","108521.79","556.05","-0.51","40.5900","-0.51","40.5900"
"2023-06-21","1593.65","106639.31","0.00","289.42","268.50","108232.96","108232.96","108522.38","108522.38","557.91","0.74","40.6886","0.74","40.6886"
"2023-06-22","1584.43","106639.31","0.00","278.02","281.31","108223.75","108223.75","108501.77","108501.77","559.34","-9.21","21.5771","-9.21","21.5771"
"2023-06-23","1584.43","106639.31","0.00","281.24","279.86","108223.75","108223.75","108504.99","108504.99","561.10","0.00","21.2900","0.00","21.2900"
"2023-06-24","1584.43","106639.31","0.00","277.64","283.46","108223.75","108223.75","108501.39","108501.39","561.10","0.00","22.2271","0.00","22.2271"
"2023-06-25","1571.41","106639.31","0.00","277.64","296.48","108210.72","108210.72","108488.36","108488.36","574.12","-13.03","-0.8986","-13.03","-0.8986"
"2023-06-26","1559.77","106652.93","0.00","434.20","372.80","108212.69","108212.69","108646.89","108646.89","807.00","1.97","-2.8629","1.97","-2.8629"
"2023-06-27","1560.91","106652.93","0.00","434.20","371.66","108213.83","108213.83","108648.03","108648.03","805.86","1.14","-2.6271","1.14","-2.6271"
"2023-06-28","1559.28","106654.00","0.00","428.69","378.39","108213.28","108213.28","108641.96","108641.96","807.08","-0.55","-2.8114","-0.55","-2.8114"
"2023-06-29","1551.45","106654.00","0.00","428.69","386.23","108205.45","108205.45","108634.13","108634.13","814.91","-7.83","-2.6143","-7.83","-2.6143"
"2023-06-30","1549.93","106651.45","0.00","407.63","403.30","108201.38","108201.38","108609.01","108609.01","810.93","-4.07","-3.1957","-4.07","-3.1957"
"2023-07-01","1542.92","106651.45","0.00","408.41","409.45","108194.37","108194.37","108602.78","108602.78","817.85","-7.01","-4.1971","-7.01","-4.1971"
"2023-07-02","1457.99","106735.68","0.00","408.41","410.15","108193.66","108193.66","108602.07","108602.07","818.56","-0.71","-2.4371","-0.71","-2.4371"
"2023-07-03","1453.14","106735.68","0.00","408.41","414.99","108188.82","108188.82","108597.23","108597.23","823.40","-4.84","-3.4100","-4.84","-3.4100"
"2023-07-04","1428.35","106735.68","0.00","408.41","440.93","108164.03","108164.03","108572.44","108572.44","849.34","-24.79","-7.1143","-24.79","-7.1143"
"2023-07-05","1428.99","106735.68","0.00","414.33","434.84","108164.67","108164.67","108579.00","108579.00","849.17","0.64","-6.9443","0.64","-6.9443"
"2023-07-06","1428.41","106735.68","0.00","413.02","436.73","108164.09","108164.09","108577.10","108577.10","849.74","-0.58","-5.9086","-0.58","-5.9086"
"2023-07-07","1402.27","106765.10","0.00","411.25","436.01","108167.37","108167.37","108578.62","108578.62","847.27","3.28","-4.8586","3.28","-4.8586"
"2023-07-08","1403.14","106765.10","0.00","411.22","436.01","108168.24","108168.24","108579.46","108579.46","847.24","0.87","-3.7329","0.87","-3.7329"
"2023-07-09","1281.52","106894.15","0.00","409.70","430.14","108175.67","108175.67","108585.37","108585.37","839.83","7.43","-2.5700","7.43","-2.5700"
"2023-07-10","1282.80","106889.12","0.00","422.58","420.56","108171.92","108171.92","108594.50","108594.50","843.14","-3.75","-2.4143","-3.75","-2.4143"
"2023-07-11","1286.89","106886.69","0.00","425.94","419.74","108173.58","108173.58","108599.52","108599.52","845.68","1.66","1.3643","1.66","1.3643"
"2023-07-12","1283.88","106886.69","0.00","432.57","417.79","108170.56","108170.56","108603.12","108603.12","850.36","-3.02","0.8414","-3.02","0.8414"
"2023-07-13","1283.75","106886.69","0.00","429.49","417.92","108170.43","108170.43","108599.92","108599.92","847.41","-0.13","0.9057","-0.13","0.9057"
"2023-07-14","1274.96","106886.69","0.00","430.32","421.25","108161.65","108161.65","108591.97","108591.97","851.57","-8.78","-0.8171","-8.78","-0.8171"
"2023-07-15","1275.10","106886.69","0.00","430.74","420.70","108161.78","108161.78","108592.52","108592.52","851.44","0.13","-0.9229","0.13","-0.9229"
"2023-07-16","1269.37","106886.69","0.00","436.24","420.97","108156.06","108156.06","108592.30","108592.30","857.22","-5.72","-2.8014","-5.72","-2.8014"
"2023-07-17","1272.61","106886.69","0.00","433.01","420.97","108159.30","108159.30","108592.31","108592.31","853.98","3.24","-1.8029","3.24","-1.8029"
"2023-07-18","1280.82","106886.69","0.00","428.19","420.51","108167.50","108167.50","108595.68","108595.68","848.69","8.20","-0.8686","8.20","-0.8686"
"2023-07-19","1275.05","106886.69","0.00","428.54","427.93","108161.74","108161.74","108590.28","108590.28","856.47","-5.76","-1.2600","-5.76","-1.2600"
"2023-07-20","1276.46","106886.69","0.00","426.89","428.17","108163.15","108163.15","108590.03","108590.03","855.06","1.41","-1.0400","1.41","-1.0400"
"2023-07-21","1275.99","106886.69","0.00","426.59","428.94","108162.68","108162.68","108589.26","108589.26","855.53","-0.47","0.1471","-0.47","0.1471"
"2023-07-22","1280.08","106886.69","0.00","422.81","428.70","108166.77","108166.77","108589.57","108589.57","851.51","4.09","0.7129","4.09","0.7129"
"2023-07-23","1279.42","106886.60","0.00","441.18","429.27","108166.02","108166.02","108607.20","108607.20","870.46","-0.75","1.4229","-0.75","1.4229"
"2023-07-24","1288.11","106868.90","0.00","460.75","429.27","108157.01","108157.01","108617.76","108617.76","890.03","-9.01","-0.3271","-9.01","-0.3271"
"2023-07-25","1288.11","106868.90","0.00","473.27","437.80","108157.01","108157.01","108630.27","108630.27","911.06","0.00","-1.4986","0.00","-1.4986"
"2023-07-26","1285.53","106662.00","0.00","493.08","441.52","107947.54","107947.54","108440.61","108440.61","934.60","-209.47","-30.6000","-209.47","-30.6000"
"2023-07-27","1286.89","106649.74","0.00","499.76","445.74","107936.63","107936.63","108436.39","108436.39","945.50","-10.91","-32.3600","-10.91","-32.3600"
"2023-07-28","1288.03","106649.74","0.00","498.62","445.74","107937.77","107937.77","108436.39","108436.39","944.36","1.14","-32.1300","1.14","-32.1300"
"2023-07-29","1283.90","106649.74","0.00","497.51","450.98","107933.64","107933.64","108431.15","108431.15","948.49","-4.13","-33.3043","-4.13","-33.3043"
"2023-07-30","1283.90","106649.74","0.00","497.51","450.98","107933.64","107933.64","108431.15","108431.15","948.49","0.00","-33.1971","0.00","-33.1971"
"2023-07-31","1294.67","106649.74","0.00","497.51","440.21","107944.41","107944.41","108441.92","108441.92","937.73","10.77","-30.3714","10.77","-30.3714"
"2023-08-01","1296.35","106649.74","0.00","470.01","440.21","107946.09","107946.09","108416.10","108416.10","910.22","1.68","-30.1314","1.68","-30.1314"
"2023-08-02","1296.24","106649.74","0.00","470.81","440.85","107945.98","107945.98","108416.79","108416.79","911.66","-0.11","-0.2229","-0.11","-0.2229"
"2023-08-03","1299.61","106649.74","0.00","488.39","441.78","107949.35","107949.35","108437.74","108437.74","930.17","3.37","1.8171","3.37","1.8171"
"2023-08-04","1299.61","106649.74","0.00","489.54","441.78","107949.35","107949.35","108438.89","108438.89","931.32","0.00","1.6543","0.00","1.6543"
"2023-08-05","1302.23","106649.74","0.00","487.17","441.86","107951.97","107951.97","108439.13","108439.13","929.04","2.62","2.6186","2.62","2.6186"
"2023-08-06","1302.23","106649.74","0.00","487.34","441.86","107951.97","107951.97","108439.31","108439.31","929.21","0.00","2.6186","0.00","2.6186"
"2023-08-07","1303.04","106649.74","0.00","488.09","441.86","107952.78","107952.78","108440.87","108440.87","929.96","0.81","1.1957","0.81","1.1957"
"2023-08-08","1328.40","106621.24","0.00","491.23","441.86","107949.64","107949.64","108440.87","108440.87","933.10","-3.14","0.5071","-3.14","0.5071"
"2023-08-09","1326.09","106620.52","0.00","484.61","451.55","107946.61","107946.61","108431.22","108431.22","936.16","-3.03","0.0900","-3.03","0.0900"
"2023-08-10","1326.03","106620.52","0.00","484.57","451.63","107946.55","107946.55","108431.11","108431.11","936.19","-0.06","-0.4000","-0.06","-0.4000"
"2023-08-11","1333.62","106610.41","0.00","486.23","453.61","107944.03","107944.03","108430.25","108430.25","939.83","-2.52","-0.7600","-2.52","-0.7600"
"2023-08-12","1330.51","106610.41","0.00","479.96","463.00","107940.92","107940.92","108420.87","108420.87","942.96","-3.11","-1.5786","-3.11","-1.5786"
"2023-08-13","1330.56","106610.41","0.00","472.49","470.41","107940.97","107940.97","108413.46","108413.46","942.91","0.05","-1.5714","0.05","-1.5714"
"2023-08-14","1339.91","106610.41","0.00","463.04","470.51","107950.32","107950.32","108413.36","108413.36","933.55","9.35","-0.3514","9.35","-0.3514"
"2023-08-15","1339.54","106609.85","0.00","463.27","470.79","107949.39","107949.39","108412.66","108412.66","934.05","-0.93","-0.0357","-0.93","-0.0357"
"2023-08-16","1338.58","106609.85","0.00","470.87","464.14","107948.43","107948.43","108419.29","108419.29","935.01","-0.96","0.2600","-0.96","0.2600"
"2023-08-17","1338.45","106609.85","0.00","475.52","463.10","107948.31","107948.31","108423.82","108423.82","938.62","-0.12","0.2514","-0.12","0.2514"
"2023-08-18","1335.90","106609.85","0.00","473.88","467.29","107945.75","107945.75","108419.63","108419.63","941.17","-2.56","0.2457","-2.56","0.2457"
"2023-08-19","1335.59","106609.85","0.00","473.40","468.08","107945.44","107945.44","108418.84","108418.84","941.48","-0.31","0.6457","-0.31","0.6457"
"2023-08-20","1336.05","106609.85","0.00","473.48","469.23","107945.90","107945.90","108419.38","108419.38","942.72","0.46","0.7043","0.46","0.7043"
"2023-08-21","1337.57","106606.56","0.00","483.89","472.08","107944.13","107944.13","108428.01","108428.01","955.97","-1.77","-0.8843","-1.77","-0.8843"
"2023-08-22","1341.84","106606.56","0.00","479.39","472.30","107948.40","107948.40","108427.79","108427.79","951.69","4.27","-0.1414","4.27","-0.1414"
"2023-08-23","1336.84","106606.56","0.00","477.61","479.09","107943.39","107943.39","108421.00","108421.00","956.70","-5.01","-0.7200","-5.01","-0.7200"
"2023-08-24","1333.08","106606.56","0.00","477.95","482.51","107939.63","107939.63","108417.58","108417.58","960.46","-3.76","-1.2400","-3.76","-1.2400"
"2023-08-25","1347.30","106606.56","0.00","466.44","479.80","107953.86","107953.86","108420.30","108420.30","946.23","14.23","1.1586","14.23","1.1586"
"2023-08-26","1364.80","106587.08","0.00","466.44","481.78","107951.88","107951.88","108418.31","108418.31","948.22","-1.98","0.9200","-1.98","0.9200"
"2023-08-27","1366.16","106587.08","0.00","465.07","481.78","107953.24","107953.24","108418.31","108418.31","946.86","1.36","1.0486","1.36","1.0486"
"2023-08-28","1377.49","106572.20","0.00","465.07","485.33","107949.69","107949.69","108414.76","108414.76","950.41","-3.55","0.7943","-3.55","0.7943"
"2023-08-29","1377.36","106571.38","0.00","464.72","486.28","107948.73","107948.73","108413.46","108413.46","951.01","-0.96","0.0471","-0.96","0.0471"
"2023-08-30","1378.98","106569.37","0.00","465.35","486.05","107948.35","107948.35","108413.70","108413.70","951.39","-0.38","0.7086","-0.38","0.7086"
"2023-08-31","1381.64","106570.04","0.00","526.72","446.93","107951.68","107951.68","108478.40","108478.40","973.65","3.33","1.7214","3.33","1.7214"
"2023-09-01","1381.59","106570.04","0.00","526.71","446.99","107951.63","107951.63","108478.34","108478.34","973.71","-0.05","-0.3186","-0.05","-0.3186"
"2023-09-02","1389.80","106570.04","0.00","517.52","447.34","107959.84","107959.84","108477.36","108477.36","964.86","8.21","1.1371","8.21","1.1371"
"2023-09-03","1389.69","106570.04","0.00","517.33","447.64","107959.73","107959.73","108477.05","108477.05","964.97","-0.11","0.9271","-0.11","0.9271"
"2023-09-04","1386.03","106569.73","0.00","517.06","451.88","107955.76","107955.76","108472.82","108472.82","968.94","-3.97","0.8671","-3.97","0.8671"
"2023-09-05","1357.85","106598.45","0.00","515.56","452.84","107956.29","107956.29","108471.86","108471.86","968.40","0.53","1.0800","0.53","1.0800"
"2023-09-06","1357.79","106598.36","0.00","515.56","452.99","107956.14","107956.14","108471.70","108471.70","968.55","-0.15","1.1129","-0.15","1.1129"
"2023-09-07","1353.19","106598.22","0.00","515.53","457.75","107951.41","107951.41","108466.94","108466.94","973.28","-4.73","-0.0386","-4.73","-0.0386"
"2023-09-08","1352.93","106598.22","0.00","516.41","457.75","107951.16","107951.16","108467.56","108467.56","974.16","-0.25","-0.0671","-0.25","-0.0671"
"2023-09-09","1351.78","106598.22","0.00","517.10","458.22","107950.00","107950.00","108467.10","108467.10","975.31","-1.16","-1.4057","-1.16","-1.4057"
"2023-09-10","1349.35","106598.22","0.00","516.82","460.92","107947.57","107947.57","108464.40","108464.40","977.74","-2.43","-1.7371","-2.43","-1.7371"
"2023-09-11","1350.03","106598.22","0.00","516.14","460.92","107948.25","107948.25","108464.40","108464.40","977.07","0.68","-1.0729","0.68","-1.0729"
"2023-09-12","1350.02","106598.22","0.00","516.08","461.00","107948.25","107948.25","108464.32","108464.32","977.07","0.00","-1.1486","0.00","-1.1486"
"2023-09-13","1349.49","106598.22","0.00","516.08","461.53","107947.72","107947.72","108463.79","108463.79","977.60","-0.53","-1.2029","-0.53","-1.2029"
"2023-09-14","1353.30","106598.22","0.00","511.64","461.61","107951.52","107951.52","108463.16","108463.16","973.25","3.80","0.0157","3.80","0.0157"
"2023-09-15","1352.89","106598.22","0.00","510.85","462.81","107951.11","107951.11","108461.96","108461.96","973.67","-0.41","-0.0071","-0.41","-0.0071"
"2023-09-16","1351.42","106597.90","0.00","510.63","464.82","107949.32","107949.32","108459.95","108459.95","975.45","-1.79","-0.0971","-1.79","-0.0971"
"2023-09-17","1351.16","106597.90","0.00","510.62","465.92","107949.06","107949.06","108459.68","108459.68","976.55","-0.26","0.2129","-0.26","0.2129"
"2023-09-18","1350.18","106597.90","0.00","519.80","467.08","107948.08","107948.08","108467.88","108467.88","986.89","-0.98","-0.0243","-0.98","-0.0243"
"2023-09-19","1347.87","106597.67","0.00","519.81","469.61","107945.54","107945.54","108465.35","108465.35","989.43","-2.54","-0.3871","-2.54","-0.3871"
"2023-09-20","1349.46","106596.08","0.00","519.81","469.61","107945.54","107945.54","108465.35","108465.35","989.43","0.00","-0.3114","0.00","-0.3114"
"2023-09-21","1348.16","106596.08","0.00","520.60","470.12","107944.24","107944.24","108464.84","108464.84","990.73","-1.30","-1.0400","-1.30","-1.0400"
"2023-09-22","1353.43","106586.14","0.00","520.60","474.78","107939.58","107939.58","108460.18","108460.18","995.39","-4.66","-1.6471","-4.66","-1.6471"
"2023-09-23","1350.16","106586.14","0.00","516.11","478.05","107936.31","107936.31","108452.42","108452.42","994.17","-3.27","-1.8586","-3.27","-1.8586"
"2023-09-24","1352.88","106583.34","0.00","519.94","478.14","107936.22","107936.22","108456.16","108456.16","998.08","-0.09","-1.8343","-0.09","-1.8343"
"2023-09-25","1352.88","106583.34","0.00","519.30","478.14","107936.22","107936.22","108455.52","108455.52","997.44","0.00","-1.6943","0.00","-1.6943"
"2023-09-26","1354.65","106583.34","0.00","518.80","478.14","107937.99","107937.99","108456.80","108456.80","996.94","1.77","-1.0786","1.77","-1.0786"
"2023-09-27","1370.54","106579.08","0.00","506.97","478.36","107949.61","107949.61","108456.58","108456.58","985.33","11.62","0.5814","11.62","0.5814"
"2023-09-28","1370.54","106579.08","0.00","506.97","478.36","107949.61","107949.61","108456.58","108456.58","985.33","0.00","0.7671","0.00","0.7671"
"2023-09-29","1370.57","106579.08","0.00","506.97","478.33","107949.64","107949.64","108456.61","108456.61","985.29","0.03","1.4371","0.03","1.4371"
"2023-09-30","1371.13","106579.08","0.00","506.52","478.21","107950.20","107950.20","108456.73","108456.73","984.73","0.56","1.9843","0.56","1.9843"
"2023-10-01","1371.25","106579.08","0.00","506.12","478.49","107950.32","107950.32","108456.45","108456.45","984.61","0.12","2.0143","0.12","2.0143"
"2023-10-02","1371.05","106579.08","0.00","506.12","478.69","107950.12","107950.12","108456.24","108456.24","984.82","-0.20","1.9857","-0.20","1.9857"
"2023-10-03","1371.30","106579.08","0.00","506.97","477.59","107950.38","107950.38","108457.34","108457.34","984.56","0.26","1.7700","0.26","1.7700"
"2023-10-04","1371.42","106579.08","0.00","506.79","477.65","107950.50","107950.50","108457.29","108457.29","984.44","0.12","0.1271","0.12","0.1271"
"2023-10-05","1371.42","106579.08","0.00","506.79","477.65","107950.50","107950.50","108457.29","108457.29","984.44","0.00","0.1271","0.00","0.1271"
"2023-10-06","1371.53","106579.08","0.00","506.55","477.78","107950.61","107950.61","108457.15","108457.15","984.33","0.11","0.1386","0.11","0.1386"
"2023-10-07","1371.53","106579.08","0.00","506.55","477.78","107950.61","107950.61","108457.15","108457.15","984.33","0.00","0.0586","0.00","0.0586"
"2023-10-08","1371.35","106580.53","0.00","504.91","478.14","107951.88","107951.88","108456.79","108456.79","983.06","1.27","0.2229","1.27","0.2229"
"2023-10-09","1375.46","106580.53","0.00","487.54","478.15","107955.98","107955.98","108443.52","108443.52","965.68","4.10","0.8371","4.10","0.8371"
"2023-10-10","1375.44","106580.53","0.00","495.70","475.90","107955.97","107955.97","108451.67","108451.67","971.60","-0.01","0.7986","-0.01","0.7986"
"2023-10-11","1378.13","106580.53","0.00","492.16","476.93","107958.66","107958.66","108450.82","108450.82","969.09","2.69","1.1657","2.69","1.1657"
"2023-10-12","1384.52","106580.53","0.00","492.92","475.44","107965.05","107965.05","108457.96","108457.96","968.36","6.39","2.0786","6.39","2.0786"
"2023-10-13","1385.54","106580.53","0.00","492.91","474.43","107966.07","107966.07","108458.98","108458.98","967.34","1.02","2.2086","1.02","2.2086"
"2023-10-14","1386.25","106580.53","0.00","492.05","474.47","107966.78","107966.78","108458.83","108458.83","966.52","0.71","2.3100","0.71","2.3100"
"2023-10-15","1386.85","106580.53","0.00","491.95","473.98","107967.38","107967.38","108459.32","108459.32","965.92","0.60","2.2143","0.60","2.2143"
"2023-10-16","1369.25","106598.83","0.00","491.93","473.96","107968.08","107968.08","108460.01","108460.01","965.89","0.70","1.7286","0.70","1.7286"
"2023-10-17","1369.83","106598.83","0.00","491.30","475.38","107968.66","107968.66","108459.96","108459.96","966.68","0.58","1.8129","0.58","1.8129"
"2023-10-18","1365.35","106598.12","0.00","447.43","524.47","107963.46","107963.46","108410.89","108410.89","971.90","-5.20","0.6857","-5.20","0.6857"
"2023-10-19","1374.19","106590.64","0.00","448.87","522.02","107964.82","107964.82","108413.69","108413.69","970.89","1.36","-0.0329","1.36","-0.0329"
"2023-10-20","1374.60","106590.64","0.00","448.95","522.00","107965.23","107965.23","108414.18","108414.18","970.95","0.41","-0.1200","0.41","-0.1200"
"2023-10-21","1372.02","106583.39","0.00","459.13","521.85","107955.40","107955.40","108414.53","108414.53","980.98","-9.83","-1.6257","-9.83","-1.6257"
"2023-10-22","1384.06","106583.39","0.00","449.34","521.85","107967.44","107967.44","108416.78","108416.78","971.19","12.04","0.0086","12.04","0.0086"
"2023-10-23","1388.14","106579.88","0.00","446.97","524.12","107968.01","107968.01","108414.98","108414.98","971.09","0.57","-0.0100","0.57","-0.0100"
"2023-10-24","1391.85","106579.88","0.00","448.92","523.02","107971.72","107971.72","108420.64","108420.64","971.94","3.71","0.4371","3.71","0.4371"
"2023-10-25","1408.63","106579.88","0.00","432.02","523.15","107988.50","107988.50","108420.52","108420.52","955.16","16.78","3.5771","16.78","3.5771"
"2023-10-26","1408.72","106579.88","0.00","431.52","523.80","107988.59","107988.59","108420.11","108420.11","955.32","0.09","3.3957","0.09","3.3957"
"2023-10-27","1406.05","106583.34","0.00","431.07","523.57","107989.38","107989.38","108420.45","108420.45","954.64","0.79","3.4500","0.79","3.4500"
"2023-10-28","1408.42","106583.34","0.00","428.69","523.57","107991.76","107991.76","108420.45","108420.45","952.26","2.38","5.1943","2.38","5.1943"
"2023-10-29","1408.82","106583.34","0.00","425.75","525.74","107992.16","107992.16","108417.90","108417.90","951.48","0.40","3.5314","0.40","3.5314"
"2023-10-30","1384.41","106606.88","0.00","424.29","527.29","107991.16","107991.16","108415.45","108415.45","951.57","-1.00","3.3071","-1.00","3.3071"
"2023-10-31","1385.46","106606.88","0.00","423.35","527.17","107992.21","107992.21","108415.56","108415.56","950.53","1.05","2.9271","1.05","2.9271"
"2023-11-01","1385.80","106606.88","0.00","422.16","527.48","107992.55","107992.55","108414.71","108414.71","949.64","0.34","0.5786","0.34","0.5786"
"2023-11-02","1386.80","106606.88","0.00","432.97","521.31","107993.55","107993.55","108426.52","108426.52","954.28","1.00","0.7086","1.00","0.7086"
"2023-11-03","1387.03","106606.88","0.00","435.02","521.31","107993.78","107993.78","108428.80","108428.80","954.35","0.23","0.6286","0.23","0.6286"
"2023-11-04","1388.13","106606.88","0.00","434.33","520.94","107994.88","107994.88","108429.21","108429.21","953.29","1.10","0.4457","1.10","0.4457"
"2023-11-05","1390.76","106604.35","0.00","434.28","520.90","107994.98","107994.98","108429.25","108429.25","953.19","0.10","0.4029","0.10","0.4029"
"2023-11-06","1392.26","106604.35","0.00","433.44","518.92","107996.47","107996.47","108429.91","108429.91","952.36","1.49","0.7586","1.49","0.7586"
"2023-11-07","1392.26","106604.35","0.00","433.44","518.92","107996.47","107996.47","108429.91","108429.91","952.36","0.00","0.6086","0.00","0.6086"
"2023-11-08","1392.45","106604.35","0.00","433.46","518.76","107996.67","107996.67","108430.12","108430.12","952.22","0.20","0.5886","0.20","0.5886"
"2023-11-09","1394.73","106602.45","0.00","437.53","515.26","107997.05","107997.05","108434.59","108434.59","952.80","0.38","0.5000","0.38","0.5000"
"2023-11-10","1398.42","106602.45","0.00","434.85","514.97","108000.75","108000.75","108435.60","108435.60","949.82","3.70","0.9957","3.70","0.9957"
"2023-11-11","1398.93","106602.45","0.00","434.08","515.29","108001.26","108001.26","108435.33","108435.33","949.37","0.51","0.9114","0.51","0.9114"
"2023-11-12","1402.12","106602.45","0.00","429.10","516.10","108004.44","108004.44","108433.54","108433.54","945.20","3.18","1.3514","3.18","1.3514"
"2023-11-13","1410.70","106602.15","0.00","421.77","515.15","108012.72","108012.72","108434.49","108434.49","936.92","8.28","2.3214","8.28","2.3214"
"2023-11-14","1415.16","106601.61","0.00","420.11","512.89","108016.64","108016.64","108436.75","108436.75","933.00","3.92","2.8814","3.92","2.8814"
"2023-11-15","1416.75","106601.61","0.00","419.34","513.15","108018.35","108018.35","108437.69","108437.69","932.49","1.71","3.0971","1.71","3.0971"
"2023-11-16","1415.19","106601.61","0.00","419.29","515.08","108016.79","108016.79","108436.08","108436.08","934.37","-1.56","2.8200","-1.56","2.8200"
"2023-11-17","1415.58","106601.61","0.00","420.77","514.73","108017.18","108017.18","108437.95","108437.95","935.50","0.39","2.3471","0.39","2.3471"
"2023-11-18","1416.07","106601.61","0.00","420.63","514.73","108017.67","108017.67","108438.30","108438.30","935.36","0.49","2.3443","0.49","2.3443"
"2023-11-19","1415.66","106601.61","0.00","420.63","515.14","108017.26","108017.26","108437.89","108437.89","935.77","-0.41","1.8314","-0.41","1.8314"
"2023-11-20","1415.82","106601.00","0.00","421.16","515.14","108016.82","108016.82","108437.98","108437.98","936.30","-0.44","0.5857","-0.44","0.5857"
"2023-11-21","1415.85","106601.00","0.00","421.13","515.14","108016.85","108016.85","108437.98","108437.98","936.27","0.03","0.0300","0.03","0.0300"
"2023-11-22","1419.17","106601.00","0.00","417.82","515.14","108020.16","108020.16","108437.98","108437.98","932.96","3.31","0.2586","3.31","0.2586"
"2023-11-23","1418.77","106601.00","0.00","417.82","515.54","108019.77","108019.77","108437.58","108437.58","933.35","-0.39","0.4257","-0.39","0.4257"
"2023-11-24","1418.97","106601.00","0.00","417.58","515.57","108019.96","108019.96","108437.54","108437.54","933.16","0.19","0.3971","0.19","0.3971"
"2023-11-25","1420.07","106601.00","0.00","416.63","515.57","108021.07","108021.07","108437.70","108437.70","932.21","1.11","0.4857","1.11","0.4857"
"2023-11-26","1420.31","106601.00","0.00","416.55","515.54","108021.30","108021.30","108437.85","108437.85","932.09","0.23","0.5771","0.23","0.5771"
"2023-11-27","1420.18","106601.00","0.00","416.55","515.73","108021.18","108021.18","108437.73","108437.73","932.28","-0.12","0.6229","-0.12","0.6229"
"2023-11-28","1426.23","106601.00","0.00","410.65","515.73","108027.22","108027.22","108437.87","108437.87","926.38","6.04","1.4814","6.04","1.4814"
"2023-11-29","1426.23","106601.00","0.00","413.17","515.73","108027.22","108027.22","108440.39","108440.39","928.89","0.00","1.0086","0.00","1.0086"
"2023-11-30","1424.30","106601.00","0.00","415.02","517.01","108025.29","108025.29","108440.31","108440.31","932.02","-1.93","0.7886","-1.93","0.7886"
"2023-12-01","1431.52","106601.00","0.00","410.20","515.18","108032.51","108032.51","108442.71","108442.71","925.38","7.22","1.7929","7.22","1.7929"
"2023-12-02","1431.21","106601.00","0.00","423.37","515.47","108032.20","108032.20","108455.57","108455.57","938.84","-0.31","1.5900","-0.31","1.5900"
"2023-12-03","1431.59","106601.00","0.00","422.85","515.61","108032.59","108032.59","108455.44","108455.44","938.46","0.39","1.6129","0.39","1.6129"
"2023-12-04","1482.14","106601.00","0.00","373.05","514.94","108083.14","108083.14","108456.19","108456.19","887.99","50.55","8.8514","50.55","8.8514"
"2023-12-05","1482.72","106601.00","0.00","372.61","515.00","108083.72","108083.72","108456.32","108456.32","887.60","0.58","8.0714","0.58","8.0714"
"2023-12-06","1092.87","107026.62","0.00","347.69","515.03","108119.48","108119.48","108467.17","108467.17","862.72","35.76","13.1800","35.76","13.1800"
"2023-12-07","1092.90","107026.62","0.00","347.69","515.03","108119.52","108119.52","108467.21","108467.21","862.72","0.04","13.4614","0.04","13.4614"
"2023-12-08","1093.11","107026.62","0.00","354.86","511.74","108119.73","108119.73","108474.58","108474.58","866.60","0.21","12.4600","0.21","12.4600"
"2023-12-09","1098.97","107026.62","0.00","349.21","511.74","108125.59","108125.59","108474.80","108474.80","860.95","5.86","13.3414","5.86","13.3414"
"2023-12-10","1101.41","107026.62","0.00","357.34","509.22","108128.03","108128.03","108485.37","108485.37","866.55","2.44","13.6343","2.44","13.6343"
"2023-12-11","1104.09","107026.62","0.00","356.85","508.74","108130.71","108130.71","108487.56","108487.56","865.59","2.68","6.7957","2.68","6.7957"
"2023-12-12","1104.39","107026.62","0.00","356.93","508.66","108131.01","108131.01","108487.94","108487.94","865.59","0.30","6.7557","0.30","6.7557"
"2023-12-13","1105.66","107026.62","0.00","355.91","508.55","108132.28","108132.28","108488.19","108488.19","864.47","1.27","1.8286","1.27","1.8286"
"2023-12-14","1107.00","107026.62","0.00","354.74","508.42","108133.62","108133.62","108488.37","108488.37","863.16","1.34","2.0143","1.34","2.0143"
"2023-12-15","1108.18","107026.62","0.00","353.57","508.42","108134.80","108134.80","108488.37","108488.37","861.99","1.18","2.1529","1.18","2.1529"
"2023-12-16","1109.50","107025.78","0.00","353.26","508.25","108135.28","108135.28","108488.54","108488.54","861.51","0.48","1.3843","0.48","1.3843"
"2023-12-17","1107.85","107025.78","0.00","355.75","509.74","108133.63","108133.63","108489.38","108489.38","865.49","-1.65","0.8000","-1.65","0.8000"
"2023-12-18","1109.78","107025.78","0.00","353.89","509.70","108135.56","108135.56","108489.45","108489.45","863.59","1.93","0.6929","1.93","0.6929"
"2023-12-19","1112.34","107025.78","0.00","354.71","508.88","108138.11","108138.11","108492.82","108492.82","863.59","2.55","1.0143","2.55","1.0143"
"2023-12-20","1112.57","107025.78","0.00","358.96","508.76","108138.35","108138.35","108497.30","108497.30","867.72","0.24","0.8671","0.24","0.8671"
"2023-12-21","1113.56","107025.78","0.00","373.14","493.64","108139.34","108139.34","108512.48","108512.48","866.78","0.99","0.8171","0.99","0.8171"
"2023-12-22","1116.20","107025.78","0.00","380.58","491.97","108141.98","108141.98","108522.56","108522.56","872.55","2.64","1.0257","2.64","1.0257"
"2023-12-23","1118.18","107025.78","0.00","378.60","491.96","108143.96","108143.96","108522.56","108522.56","870.56","1.98","1.2400","1.98","1.2400"
"2023-12-24","1123.25","107025.78","0.00","376.63","491.95","108149.03","108149.03","108525.66","108525.66","868.58","5.07","2.2000","5.07","2.2000"
"2023-12-25","1126.08","107025.78","0.00","374.76","491.94","108151.86","108151.86","108526.62","108526.62","866.70","2.83","2.3286","2.83","2.3286"
"2023-12-26","1126.37","107025.73","0.00","378.32","490.07","108152.10","108152.10","108530.42","108530.42","868.39","0.24","1.9986","0.24","1.9986"
"2023-12-27","1128.46","107025.73","0.00","396.79","489.40","108154.18","108154.18","108550.98","108550.98","886.19","2.08","2.2614","2.08","2.2614"
"2023-12-28","1130.58","107025.73","0.00","402.09","486.63","108156.31","108156.31","108558.40","108558.40","888.72","2.13","2.4243","2.13","2.4243"
"2023-12-29","1131.35","107025.73","0.00","401.39","486.61","108157.08","108157.08","108558.46","108558.46","888.00","0.77","2.1571","0.77","2.1571"
"2023-12-30","1136.11","107025.73","0.00","396.60","486.65","108161.83","108161.83","108558.43","108558.43","883.24","4.75","2.5529","4.75","2.5529"
"2023-12-31","1136.11","107025.73","0.00","396.60","486.65","108161.83","108161.83","108558.43","108558.43","883.24","0.00","1.8286","0.00","1.8286"
"2024-01-01","1136.69","107025.73","0.00","396.02","486.65","108162.41","108162.41","108558.43","108558.43","882.66","0.58","1.5071","0.58","1.5071"
"2024-01-02","1143.21","107025.73","0.00","389.56","486.59","108168.93","108168.93","108558.50","108558.50","876.15","6.52","2.4043","6.52","2.4043"
"2024-01-03","1148.83","107025.73","0.00","384.99","486.59","108174.56","108174.56","108559.55","108559.55","871.58","5.63","2.9114","5.63","2.9114"
"2024-01-04","1155.42","107025.73","0.00","383.82","485.93","108181.15","108181.15","108564.96","108564.96","869.75","6.59","3.5486","6.59","3.5486"
"2024-01-05","1155.79","107025.73","0.00","432.04","485.93","108181.52","108181.52","108613.56","108613.56","917.97","0.37","3.4914","0.37","3.4914"
"2024-01-06","1155.79","107025.73","0.00","432.04","485.93","108181.52","108181.52","108613.56","108613.56","917.97","0.00","2.8129","0.00","2.8129"
"2024-01-07","1155.84","107025.73","0.00","432.02","485.93","108181.56","108181.56","108613.58","108613.58","917.95","0.04","2.8186","0.04","2.8186"
"2024-01-08","1158.88","107025.73","0.00","429.71","485.19","108184.61","108184.61","108614.32","108614.32","914.90","3.05","3.1714","3.05","3.1714"
"2024-01-09","1163.88","107025.73","0.00","425.61","485.19","108189.61","108189.61","108615.22","108615.22","910.80","5.00","2.9543","5.00","2.9543"
"2024-01-10","1164.27","107025.73","0.00","430.52","485.17","108190.00","108190.00","108620.52","108620.52","915.69","0.39","2.2057","0.39","2.2057"
"2024-01-11","1164.32","107025.73","0.00","434.41","485.17","108190.05","108190.05","108624.46","108624.46","919.58","0.05","1.2714","0.05","1.2714"
"2024-01-12","1165.42","107025.73","0.00","433.38","485.12","108191.15","108191.15","108624.53","108624.53","918.50","1.10","1.3757","1.10","1.3757"
"2024-01-13","1165.70","107025.73","0.00","433.39","485.09","108191.42","108191.42","108624.81","108624.81","918.49","0.27","1.4143","0.27","1.4143"
"2024-01-14","1165.70","107025.73","0.00","434.44","485.09","108191.42","108191.42","108625.86","108625.86","919.53","0.00","1.4086","0.00","1.4086"
"2024-01-15","1165.98","107025.73","0.00","434.16","485.09","108191.70","108191.70","108625.86","108625.86","919.25","0.28","1.0129","0.28","1.0129"
"2024-01-16","1166.36","107025.73","0.00","441.26","484.99","108192.09","108192.09","108633.35","108633.35","926.25","0.39","0.3543","0.39","0.3543"
"2024-01-17","1166.36","107025.73","0.00","444.57","484.99","108192.09","108192.09","108636.66","108636.66","929.56","0.00","0.2986","0.00","0.2986"
"2024-01-18","1167.32","107025.73","0.00","447.44","484.94","108193.05","108193.05","108640.48","108640.48","932.37","0.96","0.4286","0.96","0.4286"
"2024-01-19","1169.32","107025.73","0.00","449.50","484.96","108195.05","108195.05","108644.54","108644.54","934.46","2.00","0.5571","2.00","0.5571"
"2024-01-20","1176.73","107025.73","0.00","450.50","483.41","108202.46","108202.46","108652.96","108652.96","933.91","7.41","1.5771","7.41","1.5771"
"2024-01-21","1178.04","107025.73","0.00","467.13","483.41","108203.76","108203.76","108670.90","108670.90","950.52","1.30","1.7629","1.30","1.7629"
"2024-01-22","1178.63","107025.73","0.00","472.44","483.42","108204.36","108204.36","108676.80","108676.80","955.83","0.60","1.8086","0.60","1.8086"
"2024-01-23","1180.18","107025.73","0.00","475.18","483.42","108205.91","108205.91","108681.09","108681.09","958.57","1.55","1.9743","1.55","1.9743"
"2024-01-24","1180.03","107025.73","0.00","475.31","483.44","108205.76","108205.76","108681.06","108681.06","958.72","-0.15","1.9529","-0.15","1.9529"
"2024-01-25","1191.37","107025.73","0.00","480.63","482.11","108217.09","108217.09","108697.72","108697.72","962.71","11.33","3.4343","11.33","3.4343"
"2024-01-26","1191.49","107025.73","0.00","480.53","482.11","108217.22","108217.22","108697.75","108697.75","962.61","0.13","3.1671","0.13","3.1671"
"2024-01-27","1193.73","107025.73","0.00","482.12","481.72","108219.46","108219.46","108701.57","108701.57","963.81","2.24","2.4286","2.24","2.4286"
"2024-01-28","1195.35","107025.73","0.00","484.22","481.72","108221.08","108221.08","108705.29","108705.29","965.90","1.62","2.4743","1.62","2.4743"
"2024-01-29","1196.00","107025.73","0.00","484.63","481.38","108221.73","108221.73","108706.35","108706.35","965.98","0.65","2.4814","0.65","2.4814"
"2024-01-30","1196.03","107025.73","0.00","484.52","481.45","108221.76","108221.76","108706.28","108706.28","965.95","0.03","2.2643","0.03","2.2643"
"2024-01-31","1205.73","107025.73","0.00","472.69","481.45","108231.46","108231.46","108704.15","108704.15","954.12","9.70","3.6714","9.70","3.6714"
"2024-02-01","1214.98","107025.73","0.00","465.12","481.81","108240.71","108240.71","108705.83","108705.83","946.90","9.25","3.3743","9.25","3.3743"
"2024-02-02","1218.02","107025.73","0.00","463.61","481.60","108243.75","108243.75","108707.36","108707.36","945.18","3.04","3.7900","3.04","3.7900"
"2024-02-03","1217.98","107025.73","0.00","463.61","481.63","108243.71","108243.71","108707.32","108707.32","945.22","-0.04","3.4643","-0.04","3.4643"
"2024-02-04","1219.12","107025.73","0.00","462.48","481.63","108244.84","108244.84","108707.32","108707.32","944.08","1.13","3.3943","1.13","3.3943"
"2024-02-05","1222.96","107025.73","0.00","459.01","482.43","108248.69","108248.69","108707.70","108707.70","941.41","3.85","3.8514","3.85","3.8514"
"2024-02-06","1237.43","107025.73","0.00","445.94","482.32","108263.16","108263.16","108709.10","108709.10","928.23","14.47","5.9143","14.47","5.9143"
"2024-02-07","1238.75","107025.73","0.00","445.52","482.26","108264.48","108264.48","108709.99","108709.99","927.75","1.32","4.7171","1.32","4.7171"
"2024-02-08","1239.28","107025.73","0.00","446.31","482.55","108265.01","108265.01","108711.32","108711.32","928.83","0.53","3.4714","0.53","3.4714"
"2024-02-09","1240.81","107025.73","0.00","444.83","482.65","108266.54","108266.54","108711.37","108711.37","927.45","1.53","3.2557","1.53","3.2557"
"2024-02-10","1241.42","107025.73","0.00","444.72","482.64","108267.14","108267.14","108711.86","108711.86","927.33","0.60","3.3471","0.60","3.3471"
"2024-02-11","1241.63","107025.73","0.00","446.47","482.70","108267.36","108267.36","108713.83","108713.83","929.14","0.22","3.2171","0.22","3.2171"
"2024-02-12","1243.23","107025.64","0.00","445.06","483.04","108268.86","108268.86","108713.92","108713.92","928.07","1.50","2.8814","1.50","2.8814"
"2024-02-13","1244.28","107025.64","0.00","444.01","483.04","108269.91","108269.91","108713.92","108713.92","927.02","1.05","0.9643","1.05","0.9643"
"2024-02-14","1245.32","107025.64","0.00","443.35","483.00","108270.96","108270.96","108714.31","108714.31","926.32","1.05","0.9257","1.05","0.9257"
"2024-02-15","1258.13","107025.64","0.00","432.68","482.26","108283.76","108283.76","108716.44","108716.44","914.91","12.80","2.6786","12.80","2.6786"
"2024-02-16","1267.99","107025.64","0.00","434.70","481.45","108293.62","108293.62","108728.32","108728.32","916.12","9.86","3.8686","9.86","3.8686"
"2024-02-17","1277.42","107025.64","0.00","448.02","481.24","108303.06","108303.06","108751.08","108751.08","929.23","9.44","5.1314","9.44","5.1314"
"2024-02-18","1277.47","107025.64","0.00","454.13","481.24","108303.11","108303.11","108757.24","108757.24","935.34","0.05","5.1071","0.05","5.1071"
"2024-02-19","1315.04","107025.64","0.00","417.08","480.76","108340.67","108340.67","108757.75","108757.75","897.80","37.56","10.2586","37.56","10.2586"
"2024-02-20","1317.71","107025.64","0.00","472.89","427.03","108343.34","108343.34","108816.23","108816.23","899.60","2.67","10.4900","2.67","10.4900"
"2024-02-21","1246.82","107097.88","0.00","471.84","426.66","108344.70","108344.70","108816.53","108816.53","898.47","1.36","10.5343","1.36","10.5343"
"2024-02-22","1250.40","107097.88","0.00","475.74","425.45","108348.27","108348.27","108824.01","108824.01","901.16","3.57","9.2157","3.57","9.2157"
"2024-02-23","1254.39","107095.40","0.00","475.26","426.67","108349.80","108349.80","108825.05","108825.05","901.90","1.53","8.0257","1.53","8.0257"
"2024-02-24","1259.91","107095.40","0.00","475.08","426.47","108355.31","108355.31","108830.38","108830.38","901.52","5.51","7.4643","5.51","7.4643"
"2024-02-25","1260.70","107095.40","0.00","476.04","425.73","108356.10","108356.10","108832.14","108832.14","901.75","0.79","7.5700","0.79","7.5700"
"2024-02-26","1271.36","107095.40","0.00","468.73","425.73","108366.76","108366.76","108835.49","108835.49","894.44","10.66","3.7271","10.66","3.7271"
"2024-02-27","1272.60","107095.40","0.00","488.62","419.30","108368.00","108368.00","108856.62","108856.62","907.90","1.24","3.5229","1.24","3.5229"
"2024-02-28","1283.32","107095.40","0.00","480.20","419.30","108378.73","108378.73","108858.92","108858.92","899.48","10.73","4.8614","10.73","4.8614"
"2024-02-29","1284.13","107095.40","0.00","483.45","419.30","108379.53","108379.53","108862.98","108862.98","902.73","0.80","4.4657","0.80","4.4657"
"2024-03-01","1286.09","107095.40","0.00","481.94","419.30","108381.49","108381.49","108863.43","108863.43","901.22","1.96","4.5271","1.96","4.5271"
"2024-03-02","1288.32","107095.40","0.00","479.90","419.30","108383.73","108383.73","108863.62","108863.62","899.18","2.24","4.0600","2.24","4.0600"
"2024-03-03","1288.32","107095.40","0.00","479.96","419.30","108383.73","108383.73","108863.68","108863.68","899.23","0.00","3.9471","0.00","3.9471"
"2024-03-04","1265.19","107120.47","0.00","478.38","419.30","108385.66","108385.66","108864.04","108864.04","897.66","1.93","2.7000","1.93","2.7000"
"2024-03-05","1267.43","107120.47","0.00","476.43","419.30","108387.90","108387.90","108864.33","108864.33","895.71","2.24","2.8429","2.24","2.8429"
"2024-03-06","1269.58","107120.47","0.00","475.34","418.88","108390.05","108390.05","108865.39","108865.39","894.19","2.15","1.6171","2.15","1.6171"
"2024-03-07","1271.59","107120.47","0.00","475.12","418.88","108392.05","108392.05","108867.17","108867.17","893.97","2.00","1.7886","2.00","1.7886"
"2024-03-08","1272.28","107120.47","0.00","475.12","418.88","108392.75","108392.75","108867.17","108867.17","893.97","0.70","1.6086","0.70","1.6086"
"2024-03-09","1273.16","107120.47","0.00","474.10","418.88","108393.62","108393.62","108867.72","108867.72","892.95","0.87","1.4129","0.87","1.4129"
"2024-03-10","1274.56","107120.47","0.00","473.78","418.88","108395.03","108395.03","108868.80","108868.80","892.63","1.41","1.6143","1.41","1.6143"
"2024-03-11","1268.00","107144.76","0.00","466.77","418.88","108412.75","108412.75","108879.51","108879.51","885.62","17.72","3.8700","17.72","3.8700"
"2024-03-12","1271.15","107144.76","0.00","468.53","416.98","108415.90","108415.90","108884.43","108884.43","885.49","3.15","4.0000","3.15","4.0000"
"2024-03-13","1272.08","107144.76","0.00","468.57","416.98","108416.83","108416.83","108885.40","108885.40","885.53","0.93","3.8257","0.93","3.8257"
"2024-03-14","1277.81","107144.76","0.00","465.79","416.69","108422.56","108422.56","108888.35","108888.35","882.45","5.73","4.3586","5.73","4.3586"
"2024-03-15","1278.19","107144.76","0.00","465.76","416.34","108422.95","108422.95","108888.70","108888.70","882.07","0.39","4.3143","0.39","4.3143"
"2024-03-16","1282.44","107144.76","0.00","465.23","415.29","108427.20","108427.20","108892.42","108892.42","880.49","4.25","4.7971","4.25","4.7971"
"2024-03-17","1282.29","107144.76","0.00","465.07","415.59","108427.05","108427.05","108892.12","108892.12","880.64","-0.15","4.5743","-0.15","4.5743"
"2024-03-18","1282.31","107144.76","0.00","465.03","415.59","108427.06","108427.06","108892.09","108892.09","880.62","0.01","2.0443","0.01","2.0443"
"2024-03-19","1282.31","107144.76","0.00","465.03","415.59","108427.06","108427.06","108892.09","108892.09","880.62","0.00","1.5943","0.00","1.5943"
"2024-03-20","1291.16","107144.76","0.00","456.22","415.59","108435.92","108435.92","108892.13","108892.13","871.81","8.86","2.7271","8.86","2.7271"
"2024-03-21","1296.50","107144.76","0.00","452.19","415.51","108441.26","108441.26","108893.44","108893.44","867.70","5.34","2.6714","5.34","2.6714"
"2024-03-22","1301.08","107144.76","0.00","448.75","421.06","108445.83","108445.83","108894.58","108894.58","869.82","4.57","3.2686","4.57","3.2686"
"2024-03-23","1301.17","107144.80","0.00","451.88","421.06","108445.97","108445.97","108897.85","108897.85","872.95","0.14","2.6814","0.14","2.6814"
"2024-03-24","1305.73","107144.80","0.00","451.77","421.00","108450.53","108450.53","108902.30","108902.30","872.77","4.56","3.3543","4.56","3.3543"
"2024-03-25","1306.01","107144.80","0.00","453.43","420.99","108450.81","108450.81","108904.24","108904.24","874.42","0.28","3.3929","0.28","3.3929"
"2024-03-26","1306.63","107144.80","0.00","452.80","421.00","108451.43","108451.43","108904.23","108904.23","873.80","0.62","3.4814","0.62","3.4814"
"2024-03-27","1307.40","107144.80","0.00","452.37","420.77","108452.20","108452.20","108904.57","108904.57","873.14","0.77","2.3257","0.77","2.3257"
"2024-03-28","1310.48","107144.80","0.00","452.91","420.77","108455.28","108455.28","108908.19","108908.19","873.68","3.08","2.0029","3.08","2.0029"
"2024-03-29","1315.59","107144.80","0.00","448.49","420.74","108460.39","108460.39","108908.88","108908.88","869.23","5.11","2.0800","5.11","2.0800"
"2024-03-30","1315.59","107144.80","0.00","450.50","420.66","108460.39","108460.39","108910.89","108910.89","871.16","0.00","2.0600","0.00","2.0600"
"2024-03-31","1318.06","107144.80","0.00","450.44","421.00","108462.86","108462.86","108913.29","108913.29","871.44","2.47","1.7614","2.47","1.7614"
"2024-04-01","1322.10","107144.80","0.00","454.04","421.00","108466.90","108466.90","108920.94","108920.94","873.36","4.04","2.2986","4.04","2.2986"
"2024-04-02","605.09","107881.15","0.00","438.21","419.32","108486.22","108486.22","108924.42","108924.42","857.52","19.32","4.9700","19.32","4.9700"
"2024-04-03","608.39","107881.15","0.00","435.60","419.07","108489.53","108489.53","108925.13","108925.13","854.67","3.31","5.3329","3.31","5.3329"
"2024-04-04","613.86","107881.15","0.00","431.14","419.07","108495.00","108495.00","108926.13","108926.13","850.20","5.47","5.6743","5.47","5.6743"
"2024-04-05","613.88","107881.15","0.00","432.27","419.07","108495.01","108495.01","108927.28","108927.28","851.33","0.01","4.9457","0.01","4.9457"
"2024-04-06","616.05","107881.15","0.00","432.41","419.06","108497.19","108497.19","108929.60","108929.60","851.48","2.18","5.2571","2.18","5.2571"
"2024-04-07","617.55","107881.15","0.00","434.02","419.06","108498.69","108498.69","108932.70","108932.70","853.08","1.50","5.1186","1.50","5.1186"
"2024-04-08","621.22","107881.15","0.00","437.06","419.69","108502.35","108502.35","108939.41","108939.41","856.76","3.66","5.0643","3.66","5.0643"
"2024-04-09","634.74","107881.15","0.00","436.97","419.74","108515.88","108515.88","108952.84","108952.84","856.72","13.53","4.2371","13.53","4.2371"
"2024-04-10","635.49","107881.15","0.00","436.63","419.69","108516.62","108516.62","108953.25","108953.25","856.32","0.74","3.8700","0.74","3.8700"
"2024-04-11","636.52","107881.15","0.00","435.80","419.50","108517.65","108517.65","108953.44","108953.44","855.30","1.03","3.2357","1.03","3.2357"
"2024-04-12","637.47","107881.15","0.00","442.29","416.84","108518.60","108518.60","108960.88","108960.88","859.13","0.95","3.3700","0.95","3.3700"
"2024-04-13","640.82","107881.15","0.00","443.68","415.73","108521.96","108521.96","108965.63","108965.63","859.41","3.36","3.5386","3.36","3.5386"
"2024-04-14","642.82","107881.15","0.00","442.47","415.76","108523.95","108523.95","108966.41","108966.41","858.22","1.99","3.6086","1.99","3.6086"
"2024-04-15","645.47","107881.15","0.00","440.60","415.80","108526.61","108526.61","108967.20","108967.20","856.40","2.66","3.4657","2.66","3.4657"
"2024-04-16","651.12","107881.15","0.00","437.69","415.89","108532.25","108532.25","108969.94","108969.94","853.58","5.64","2.3386","5.64","2.3386"
"2024-04-17","652.44","107881.15","0.00","437.62","415.89","108533.57","108533.57","108971.19","108971.19","853.51","1.32","2.4214","1.32","2.4214"
"2024-04-18","657.61","107881.15","0.00","434.15","416.02","108538.75","108538.75","108972.89","108972.89","850.17","5.18","3.0143","5.18","3.0143"
"2024-04-19","661.05","107881.15","0.00","431.27","416.00","108542.18","108542.18","108973.45","108973.45","847.27","3.43","3.3686","3.43","3.3686"
"2024-04-20","660.73","107881.15","0.00","432.73","416.30","108541.86","108541.86","108974.59","108974.59","849.01","-0.32","2.8429","-0.32","2.8429"
"2024-04-21","660.95","107881.15","0.00","434.02","416.01","108542.08","108542.08","108976.10","108976.10","850.01","0.22","2.5900","0.22","2.5900"
"2024-04-22","661.51","107881.15","0.00","435.78","415.83","108542.64","108542.64","108978.42","108978.42","851.58","0.56","2.2900","0.56","2.2900"
"2024-04-23","662.39","107881.15","0.00","436.97","415.83","108543.52","108543.52","108980.48","108980.48","852.77","0.88","1.6100","0.88","1.6100"
"2024-04-24","662.57","107881.15","0.00","440.32","415.83","108543.70","108543.70","108984.02","108984.02","856.15","0.18","1.4471","0.18","1.4471"
"2024-04-25","664.51","107881.15","0.00","441.36","415.93","108545.64","108545.64","108987.00","108987.00","857.29","1.94","0.9843","1.94","0.9843"
"2024-04-26","664.56","107881.15","0.00","457.01","415.47","108545.69","108545.69","109002.70","109002.70","872.49","0.05","0.5014","0.05","0.5014"
"2024-04-27","671.74","107881.15","0.00","460.12","415.47","108552.88","108552.88","109012.99","109012.99","875.59","7.19","1.5743","7.19","1.5743"
"2024-04-28","666.39","107881.15","0.00","468.89","423.10","108547.52","108547.52","109016.41","109016.41","892.00","-5.36","0.7771","-5.36","0.7771"
"2024-04-29","654.11","107904.48","0.00","460.43","423.10","108558.58","108558.58","109019.01","109019.01","883.54","11.06","2.2771","11.06","2.2771"
"2024-04-30","657.06","107904.48","0.00","462.61","422.77","108561.53","108561.53","109024.14","109024.14","885.39","2.95","2.5729","2.95","2.5729"
"2024-05-01","660.48","107904.48","0.00","483.36","412.13","108564.95","108564.95","109048.30","109048.30","895.49","3.42","3.0357","3.42","3.0357"
"2024-05-02","662.55","107904.48","0.00","489.88","412.01","108567.02","108567.02","109056.89","109056.89","901.89","2.07","3.0543","2.07","3.0543"
"2024-05-03","664.57","107904.48","0.00","489.26","411.61","108569.04","108569.04","109058.29","109058.29","900.87","2.02","3.3357","2.02","3.3357"
"2024-05-04","691.14","107904.48","0.00","470.64","411.61","108595.61","108595.61","109066.25","109066.25","882.26","26.57","6.1043","26.57","6.1043"
"2024-05-05","692.09","107904.48","0.00","472.10","411.87","108596.56","108596.56","109068.66","109068.66","883.97","0.95","7.0057","0.95","7.0057"
"2024-05-06","693.24","107904.48","0.00","472.29","411.87","108597.71","108597.71","109070.00","109070.00","884.16","1.15","5.5900","1.15","5.5900"
"2024-05-07","694.49","107904.48","0.00","472.54","411.77","108598.96","108598.96","109071.49","109071.49","884.31","1.25","5.3471","1.25","5.3471"
"2024-05-08","711.84","107904.48","0.00","458.01","408.86","108616.31","108616.31","109074.31","109074.31","866.87","17.35","7.3371","17.35","7.3371"
"2024-05-09","717.30","107904.48","0.00","460.28","408.86","108621.77","108621.77","109082.04","109082.04","869.14","5.46","7.8214","5.46","7.8214"
"2024-05-10","756.63","107904.48","0.00","486.18","408.72","108661.10","108661.10","109147.27","109147.27","894.90","39.33","13.1514","39.33","13.1514"
"2024-05-11","779.00","107904.48","0.00","606.24","408.63","108683.47","108683.47","109289.70","109289.70","1014.87","22.37","12.5514","22.37","12.5514"
"2024-05-12","842.38","107904.48","0.00","564.01","399.69","108746.85","108746.85","109310.85","109310.85","963.70","63.38","21.4700","63.38","21.4700"
"2024-05-13","845.62","107904.48","0.00","589.70","399.56","108750.09","108750.09","109339.78","109339.78","989.26","3.24","21.7686","3.24","21.7686"
"2024-05-14","899.29","107904.48","0.00","552.36","399.56","108803.76","108803.76","109356.11","109356.11","951.92","53.67","29.2571","53.67","29.2571"
"2024-05-15","904.59","107904.48","0.00","552.80","398.15","108809.05","108809.05","109361.85","109361.85","950.95","5.29","27.5343","5.29","27.5343"
"2024-05-16","945.99","107904.48","0.00","530.46","397.71","108850.46","108850.46","109380.92","109380.92","928.17","41.41","32.6700","41.41","32.6700"
"2024-05-17","946.87","107904.48","0.00","553.11","397.41","108851.34","108851.34","109404.44","109404.44","950.51","0.88","27.1771","0.88","27.1771"
"2024-05-18","949.06","107904.48","0.00","558.64","396.91","108853.53","108853.53","109412.17","109412.17","955.56","2.19","24.2943","2.19","24.2943"
"2024-05-19","952.07","107904.48","0.00","560.30","396.91","108856.54","108856.54","109416.83","109416.83","957.21","3.01","15.6700","3.01","15.6700"
"2024-05-20","960.70","107904.48","0.00","576.35","386.45","108865.17","108865.17","109441.51","109441.51","962.79","8.63","16.4400","8.63","16.4400"
"2024-05-21","853.20","108016.78","0.00","572.12","386.45","108869.96","108869.96","109442.08","109442.08","958.57","4.79","9.4571","4.79","9.4571"
"2024-05-22","853.64","108016.78","0.00","573.44","384.69","108870.40","108870.40","109443.83","109443.83","958.12","0.44","8.7643","0.44","8.7643"
"2024-05-23","856.40","108016.78","0.00","574.87","381.98","108873.16","108873.16","109448.03","109448.03","956.85","2.76","3.2429","2.76","3.2429"
"2024-05-24","866.85","108016.78","0.00","572.20","381.37","108883.61","108883.61","109455.80","109455.80","953.57","10.45","4.6100","10.45","4.6100"
"2024-05-25","867.01","108016.78","0.00","573.68","381.37","108883.77","108883.77","109457.44","109457.44","955.05","0.16","4.3200","0.16","4.3200"
"2024-05-26","869.57","108016.78","0.00","573.76","381.37","108886.33","108886.33","109460.08","109460.08","955.13","2.56","4.2557","2.56","4.2557"
"2024-05-27","879.29","108016.78","0.00","565.87","382.23","108896.05","108896.05","109461.91","109461.91","948.10","9.72","4.4114","9.72","4.4114"
"2024-05-28","883.75","108016.78","0.00","564.28","382.28","108900.51","108900.51","109464.79","109464.79","946.57","4.46","4.3643","4.46","4.3643"
"2024-05-29","891.99","108016.78","0.00","563.43","381.71","108908.75","108908.75","109472.18","109472.18","945.14","8.24","5.4786","8.24","5.4786"
"2024-05-30","897.61","108016.78","0.00","558.50","381.72","108914.37","108914.37","109472.87","109472.87","940.22","5.62","5.8871","5.62","5.8871"
"2024-05-31","897.77","108016.78","0.00","560.53","381.72","108914.53","108914.53","109475.06","109475.06","942.25","0.16","4.4171","0.16","4.4171"
"2024-06-01","902.42","108016.78","0.00","560.36","381.66","108919.18","108919.18","109479.53","109479.53","942.01","4.65","5.0586","4.65","5.0586"
"2024-06-02","904.09","108016.78","0.00","561.95","381.61","108920.85","108920.85","109482.80","109482.80","943.57","1.67","4.9314","1.67","4.9314"
"2024-06-03","905.47","108016.78","0.00","564.06","381.11","108922.23","108922.23","109486.28","109486.28","945.17","1.38","3.7400","1.38","3.7400"
"2024-06-04","913.61","108016.78","0.00","560.71","380.98","108930.37","108930.37","109491.07","109491.07","941.69","8.14","4.2657","8.14","4.2657"
"2024-06-05","968.02","108016.78","0.00","518.53","377.75","108984.78","108984.78","109503.31","109503.31","896.28","54.41","10.8614","54.41","10.8614"
"2024-06-06","971.14","108016.78","0.00","519.35","377.64","108987.90","108987.90","109507.25","109507.25","896.99","3.12","10.5043","3.12","10.5043"
"2024-06-07","971.40","108016.78","0.00","515.01","378.62","108988.16","108988.16","109503.16","109503.16","893.63","0.26","10.5186","0.26","10.5186"
"2024-06-08","972.42","108016.78","0.00","515.50","378.62","108989.18","108989.18","109504.68","109504.68","894.12","1.02","10.0000","1.02","10.0000"
"2024-06-09","983.67","108016.78","0.00","509.60","378.59","109000.43","109000.43","109510.02","109510.02","888.20","11.25","11.3686","11.25","11.3686"
"2024-06-10","985.85","108016.78","0.00","512.90","378.01","109002.61","109002.61","109515.50","109515.50","890.91","2.18","11.4829","2.18","11.4829"
"2024-06-11","989.86","108016.78","0.00","520.02","378.05","109006.62","109006.62","109526.63","109526.63","898.07","4.01","10.8929","4.01","10.8929"
"2024-06-12","991.27","108016.78","0.00","522.38","377.27","109008.03","109008.03","109530.41","109530.41","899.65","1.41","3.3214","1.41","3.3214"
"2024-06-13","1011.90","108016.78","0.00","508.99","377.29","109028.66","109028.66","109537.65","109537.65","886.29","20.63","5.8229","20.63","5.8229"
"2024-06-14","1027.27","108016.78","0.00","499.87","377.21","109044.03","109044.03","109543.89","109543.89","877.08","15.37","7.9814","15.37","7.9814"
"2024-06-15","1030.05","108016.78","0.00","498.19","377.21","109046.81","109046.81","109545.00","109545.00","875.40","2.78","8.2329","2.78","8.2329"
"2024-06-16","1030.24","108016.78","0.00","498.03","377.21","109047.00","109047.00","109545.03","109545.03","875.23","0.19","6.6529","0.19","6.6529"
"2024-06-17","1036.97","108016.78","0.00","495.24","376.81","109053.73","109053.73","109548.97","109548.97","872.05","6.73","7.3029","6.73","7.3029"
"2024-06-18","1039.19","108016.78","0.00","495.07","376.81","109055.95","109055.95","109551.02","109551.02","871.88","2.22","7.0471","2.22","7.0471"
"2024-06-19","1062.67","107992.63","0.00","492.66","378.41","109055.28","109055.28","109547.94","109547.94","871.07","-0.67","6.7500","-0.67","6.7500"
"2024-06-20","1064.13","107992.63","0.00","490.64","378.70","109056.74","109056.74","109547.38","109547.38","869.34","1.46","4.0114","1.46","4.0114"
"2024-06-21","1065.36","107992.63","0.00","489.95","378.70","109057.97","109057.97","109547.92","109547.92","868.65","1.23","1.9914","1.23","1.9914"
"2024-06-22","1067.04","107992.63","0.00","494.06","378.70","109059.65","109059.65","109553.70","109553.70","872.75","1.68","1.8343","1.68","1.8343"
"2024-06-23","1075.90","107992.63","0.00","502.69","373.65","109068.51","109068.51","109571.20","109571.20","876.35","8.86","3.0729","8.86","3.0729"
"2024-06-24","1077.85","107992.63","0.00","507.58","373.69","109070.46","109070.46","109578.03","109578.03","881.27","1.95","2.3900","1.95","2.3900"
"2024-06-25","1078.91","107992.63","0.00","512.73","372.97","109071.52","109071.52","109584.23","109584.23","885.69","1.06","2.2243","1.06","2.2243"
"2024-06-26","1081.04","107992.63","0.00","511.07","372.97","109073.65","109073.65","109584.71","109584.71","884.04","2.13","2.6243","2.13","2.6243"
"2024-06-27","1083.93","107992.63","0.00","510.45","371.81","109076.54","109076.54","109586.98","109586.98","882.26","2.89","2.8286","2.89","2.8286"
"2024-06-28","1082.68","107989.42","0.00","505.48","376.40","109072.08","109072.08","109577.56","109577.56","881.88","-4.46","2.0157","-4.46","2.0157"
"2024-06-29","1083.00","107989.42","0.00","523.66","375.59","109072.41","109072.41","109596.06","109596.06","899.25","0.33","1.8229","0.33","1.8229"
"2024-06-30","1086.68","107987.88","0.00","529.00","377.10","109074.54","109074.54","109603.52","109603.52","906.09","2.13","0.8614","2.13","0.8614"
"2024-07-01","1088.88","107987.11","0.00","530.73","378.16","109075.97","109075.97","109606.69","109606.69","908.89","1.43","0.7871","1.43","0.7871"
"2024-07-02","1093.88","107987.11","0.00","533.65","377.08","109080.97","109080.97","109614.62","109614.62","910.73","5.00","1.3500","5.00","1.3500"
"2024-07-03","1104.94","107987.11","0.00","535.44","371.55","109092.03","109092.03","109627.46","109627.46","906.99","11.06","2.6257","11.06","2.6257"
"2024-07-04","1113.02","107987.11","0.00","534.94","370.68","109100.12","109100.12","109635.06","109635.06","905.63","8.09","3.3686","8.09","3.3686"
"2024-07-05","1122.65","107987.11","0.00","524.67","371.55","109109.74","109109.74","109634.41","109634.41","896.21","9.62","5.3800","9.62","5.3800"
"2024-07-06","1125.39","107987.11","0.00","522.94","371.55","109112.48","109112.48","109635.42","109635.42","894.49","2.74","5.7243","2.74","5.7243"
"2024-07-07","1127.67","107987.11","0.00","530.51","371.89","109114.77","109114.77","109645.28","109645.28","902.40","2.29","5.7471","2.29","5.7471"
"2024-07-08","1129.91","107987.11","0.00","530.44","370.40","109117.00","109117.00","109647.44","109647.44","900.84","2.23","5.8614","2.23","5.8614"
"2024-07-09","1128.60","107987.11","0.00","534.29","371.74","109115.69","109115.69","109649.98","109649.98","906.03","-1.31","4.9600","-1.31","4.9600"
"2024-07-10","1130.48","107987.11","0.00","535.30","371.57","109117.58","109117.58","109652.87","109652.87","906.86","1.89","3.6500","1.89","3.6500"
"2024-07-11","1139.12","107987.11","0.00","530.27","370.19","109126.21","109126.21","109656.48","109656.48","900.46","8.63","3.7271","8.63","3.7271"
"2024-07-12","1143.31","107987.11","0.00","527.90","369.63","109130.41","109130.41","109658.30","109658.30","897.53","4.20","2.9529","4.20","2.9529"
"2024-07-13","1153.61","107985.84","0.00","521.53","369.67","109139.43","109139.43","109660.96","109660.96","891.19","9.02","3.8500","9.02","3.8500"
"2024-07-14","1156.35","107985.84","0.00","523.28","367.38","109142.17","109142.17","109665.45","109665.45","890.66","2.74","3.9143","2.74","3.9143"
"2024-07-15","1156.67","107985.84","0.00","526.93","367.39","109142.49","109142.49","109669.40","109669.40","894.32","0.32","3.6414","0.32","3.6414"
"2024-07-16","1159.65","107985.84","0.00","525.41","367.39","109145.47","109145.47","109670.87","109670.87","892.79","2.98","4.2543","2.98","4.2543"
"2024-07-17","1183.13","107984.56","0.00","517.68","370.48","109167.67","109167.67","109685.35","109685.35","888.16","22.20","7.1557","22.20","7.1557"
"2024-07-18","891.76","108301.34","0.00","505.24","359.76","109193.09","109193.09","109698.32","109698.32","865.00","25.42","9.5543","25.42","9.5543"
"2024-07-19","916.98","108301.34","0.00","503.74","358.52","109218.31","109218.31","109722.04","109722.04","862.26","25.22","12.5571","25.22","12.5571"
"2024-07-20","937.86","108301.34","0.00","488.71","358.51","109239.18","109239.18","109727.89","109727.89","847.22","20.87","14.2500","20.87","14.2500"
"2024-07-21","941.59","108301.34","0.00","490.35","358.25","109242.91","109242.91","109733.27","109733.27","848.60","3.73","14.3914","3.73","14.3914"
"2024-07-22","943.34","108301.34","0.00","495.79","358.23","109244.66","109244.66","109740.45","109740.45","853.88","1.75","14.5957","1.75","14.5957"
"2024-07-23","945.61","108301.34","0.00","495.31","357.40","109246.94","109246.94","109742.25","109742.25","852.71","2.28","14.4957","2.28","14.4957"
"2024-07-24","946.75","108301.34","0.00","504.67","355.18","109248.07","109248.07","109752.74","109752.74","859.85","1.13","11.4857","1.13","11.4857"
"2024-07-25","948.00","108301.34","0.00","510.10","354.24","109249.32","109249.32","109759.42","109759.42","864.33","1.25","8.0329","1.25","8.0329"
"2024-07-26","958.41","108301.34","0.00","508.87","353.16","109259.73","109259.73","109768.60","109768.60","862.02","10.41","5.9171","10.41","5.9171"
"2024-07-27","958.98","108301.34","0.00","517.77","353.29","109260.30","109260.30","109778.07","109778.07","871.06","0.57","3.0171","0.57","3.0171"
"2024-07-28","962.38","108301.34","0.00","520.74","353.25","109263.71","109263.71","109784.45","109784.45","873.99","3.41","2.9714","3.41","2.9714"
"2024-07-29","972.41","108301.34","0.00","520.98","352.42","109273.73","109273.73","109794.71","109794.71","873.41","10.02","4.1529","10.02","4.1529"
"2024-07-30","977.22","108301.34","0.00","523.10","351.54","109278.54","109278.54","109801.64","109801.64","874.63","4.81","4.5143","4.81","4.5143"
"2024-07-31","988.36","108301.34","0.00","515.17","350.43","109289.68","109289.68","109804.85","109804.85","865.61","11.14","5.9443","11.14","5.9443"
"2024-08-01","992.94","108301.34","0.00","515.95","349.70","109294.27","109294.27","109810.22","109810.22","865.65","4.59","6.4214","4.59","6.4214"
"2024-08-02","999.95","108301.34","0.00","523.69","347.74","109301.28","109301.28","109824.96","109824.96","871.43","7.01","5.9357","7.01","5.9357"
"2024-08-03","1005.03","108301.34","0.00","519.50","347.72","109306.36","109306.36","109825.85","109825.85","867.22","5.08","6.5800","5.08","6.5800"
"2024-08-04","1005.68","108301.34","0.00","525.87","347.57","109307.01","109307.01","109832.88","109832.88","873.45","0.65","6.1857","0.65","6.1857"
"2024-08-05","1016.03","108301.34","0.00","530.01","343.29","109317.36","109317.36","109847.37","109847.37","873.30","10.35","6.2329","10.35","6.2329"
"2024-08-06","1017.55","108301.34","0.00","542.62","340.55","109318.88","109318.88","109861.49","109861.49","883.06","1.52","5.7629","1.52","5.7629"
"2024-08-07","1018.30","108301.34","0.00","542.16","340.10","109319.63","109319.63","109861.78","109861.78","882.26","0.75","4.2786","0.75","4.2786"
"2024-08-08","1018.31","108301.34","0.00","557.51","340.10","109319.63","109319.63","109877.14","109877.14","897.61","0.00","3.6229","0.00","3.6229"
"2024-08-09","1028.57","108301.34","0.00","550.37","340.10","109329.90","109329.90","109880.26","109880.26","890.47","10.27","4.0886","10.27","4.0886"
"2024-08-10","1030.36","108301.34","0.00","556.85","338.82","109331.69","109331.69","109888.54","109888.54","895.67","1.79","3.6186","1.79","3.6186"
"2024-08-11","1036.10","108301.34","0.00","568.38","338.82","109337.42","109337.42","109905.80","109905.80","907.20","5.73","4.3443","5.73","4.3443"
"2024-08-12","1041.95","108301.34","0.00","572.98","338.35","109343.27","109343.27","109916.25","109916.25","911.33","5.85","3.7014","5.85","3.7014"
"2024-08-13","1042.89","108301.34","0.00","582.29","338.81","109344.21","109344.21","109926.50","109926.50","921.10","0.94","3.6186","0.94","3.6186"
"2024-08-14","1050.12","108301.34","0.00","581.06","337.97","109351.45","109351.45","109932.49","109932.49","919.03","7.24","4.5457","7.24","4.5457"
"2024-08-15","1087.19","108301.34","0.00","563.35","337.77","109388.52","109388.52","109951.86","109951.86","901.11","37.07","9.8414","37.07","9.8414"
"2024-08-16","1088.53","108301.34","0.00","568.74","337.67","109389.85","109389.85","109958.59","109958.59","906.41","1.33","8.5643","1.33","8.5643"
"2024-08-17","1088.91","108301.34","0.00","576.49","337.73","109390.24","109390.24","109966.72","109966.72","914.22","0.39","8.3643","0.39","8.3643"
"2024-08-18","1089.55","108301.34","0.00","611.53","337.33","109390.88","109390.88","110002.41","110002.41","948.86","0.64","7.6371","0.64","7.6371"
"2024-08-19","1103.88","108301.34","0.00","615.04","337.05","109405.21","109405.21","110020.25","110020.25","952.09","14.33","8.8486","14.33","8.8486"
"2024-08-20","1106.44","108301.34","0.00","624.88","337.05","109407.77","109407.77","110032.65","110032.65","961.93","2.56","9.0800","2.56","9.0800"
"2024-08-21","1115.99","108301.34","0.00","624.44","336.92","109417.32","109417.32","110041.75","110041.75","961.36","9.55","9.4100","9.55","9.4100"
"2024-08-22","1169.01","108301.34","0.00","585.54","335.32","109470.33","109470.33","110055.87","110055.87","920.86","53.01","11.6871","53.01","11.6871"
"2024-08-23","1176.58","108301.34","0.00","591.20","334.60","109477.91","109477.91","110069.10","110069.10","925.80","7.58","12.5800","7.58","12.5800"
"2024-08-24","1182.11","108301.34","0.00","593.18","334.60","109483.44","109483.44","110076.62","110076.62","927.79","5.53","13.3143","5.53","13.3143"
"2024-08-25","1197.86","108301.34","0.00","590.30","334.23","109499.19","109499.19","110089.49","110089.49","924.53","15.75","15.4729","15.75","15.4729"
"2024-08-26","1204.40","108301.34","0.00","588.72","334.23","109505.73","109505.73","110094.45","110094.45","922.95","6.54","14.3600","6.54","14.3600"
"2024-08-27","1230.04","108299.05","0.00","602.67","337.14","109529.07","109529.07","110131.73","110131.73","939.80","23.34","17.3286","23.34","17.3286"
"2024-08-28","1072.57","108476.90","0.00","622.43","330.86","109549.45","109549.45","110171.88","110171.88","953.29","20.38","18.8757","20.38","18.8757"
"2024-08-29","1090.68","108476.90","0.00","673.33","327.48","109567.56","109567.56","110240.89","110240.89","1000.82","18.11","13.8900","18.11","13.8900"
"2024-08-30","1121.95","108476.90","0.00","657.46","325.91","109598.83","109598.83","110256.29","110256.29","983.37","31.27","17.2743","31.27","17.2743"
"2024-08-31","1143.54","108476.90","0.00","661.31","325.91","109620.42","109620.42","110281.72","110281.72","987.22","21.59","19.5686","21.59","19.5686"
"2024-09-01","1148.75","108476.90","0.00","665.72","325.91","109625.62","109625.62","110291.34","110291.34","991.63","5.20","18.0614","5.20","18.0614"
"2024-09-02","1154.02","108476.90","0.00","690.41","325.96","109630.90","109630.90","110321.30","110321.30","1016.37","5.28","17.8814","5.28","17.8814"
"2024-09-03","1156.97","108476.90","0.00","737.63","319.43","109633.85","109633.85","110371.47","110371.47","1057.06","2.95","14.9686","2.95","14.9686"
"2024-09-04","1178.09","108476.90","0.00","726.10","318.75","109654.97","109654.97","110381.06","110381.06","1044.84","21.12","15.0743","21.12","15.0743"
"2024-09-05","1212.07","108476.90","0.00","742.25","300.68","109688.95","109688.95","110431.19","110431.19","1042.92","33.98","17.3414","33.98","17.3414"
"2024-09-06","1228.77","108476.90","0.00","733.68","300.79","109705.65","109705.65","110439.33","110439.33","1034.47","16.70","15.2600","16.70","15.2600"
"2024-09-07","1249.62","108476.90","0.00","718.54","300.79","109726.50","109726.50","110445.03","110445.03","1019.33","20.85","15.1543","20.85","15.1543"
"2024-09-08","1250.00","108476.90","0.00","720.51","300.79","109726.88","109726.88","110447.38","110447.38","1021.30","0.38","14.4657","0.38","14.4657"
"2024-09-09","1256.49","108476.90","0.00","723.92","296.50","109733.36","109733.36","110457.28","110457.28","1020.42","6.48","14.6371","6.48","14.6371"
"2024-09-10","1274.28","108476.90","0.00","713.54","296.44","109751.16","109751.16","110464.67","110464.67","1009.93","17.80","16.7586","17.80","16.7586"
"2024-09-11","1293.96","108476.90","0.00","703.11","296.45","109770.84","109770.84","110473.93","110473.93","999.57","19.68","16.5529","19.68","16.5529"
"2024-09-12","1329.50","108476.90","0.00","700.85","296.45","109806.38","109806.38","110507.21","110507.21","997.31","35.54","16.7757","35.54","16.7757"
"2024-09-13","1326.80","108486.18","0.00","703.60","295.59","109812.96","109812.96","110516.56","110516.56","999.19","6.58","15.3300","6.58","15.3300"
"2024-09-14","1334.89","108486.18","0.00","694.72","290.74","109821.05","109821.05","110515.77","110515.77","985.46","8.09","13.5071","8.09","13.5071"
"2024-09-15","1338.83","108486.18","0.00","692.82","290.63","109825.00","109825.00","110517.81","110517.81","983.45","3.95","14.0171","3.95","14.0171"
"2024-09-16","1350.43","108486.18","0.00","686.95","289.82","109836.60","109836.60","110523.54","110523.54","976.77","11.60","14.7486","11.60","14.7486"
"2024-09-17","1368.10","108486.18","0.00","694.29","289.82","109854.27","109854.27","110548.55","110548.55","984.11","17.67","14.7300","17.67","14.7300"
"2024-09-18","1378.42","108486.18","0.00","699.18","286.63","109864.58","109864.58","110563.75","110563.75","985.81","10.31","13.3914","10.31","13.3914"
"2024-09-19","1379.72","108486.18","0.00","698.52","286.73","109865.88","109865.88","110564.39","110564.39","985.25","1.30","8.5000","1.30","8.5000"
"2024-09-20","1390.10","108486.18","0.00","700.91","286.84","109876.27","109876.27","110577.17","110577.17","987.74","10.39","9.0443","10.39","9.0443"
"2024-09-21","1399.56","108486.18","0.00","710.77","286.84","109885.73","109885.73","110596.49","110596.49","997.61","9.46","9.2400","9.46","9.2400"
"2024-09-22","1412.51","108486.18","0.00","715.20","286.16","109898.68","109898.68","110613.87","110613.87","1001.36","12.95","10.5257","12.95","10.5257"
"2024-09-23","1454.86","108486.18","0.00","710.10","285.74","109941.02","109941.02","110651.12","110651.12","995.84","42.34","14.9171","42.34","14.9171"
"2024-09-24","1457.47","108486.18","0.00","725.16","285.88","109943.63","109943.63","110668.78","110668.78","1011.04","2.61","12.7657","2.61","12.7657"
"2024-09-25","1481.26","108486.18","0.00","736.35","284.93","109967.42","109967.42","110703.77","110703.77","1021.27","23.79","14.6914","23.79","14.6914"
"2024-09-26","1492.16","108486.18","0.00","727.38","284.15","109978.33","109978.33","110705.70","110705.70","1011.53","10.91","16.0643","10.91","16.0643"
"2024-09-27","1498.48","108486.18","0.00","726.19","284.11","109984.64","109984.64","110710.83","110710.83","1010.30","6.31","15.4814","6.31","15.4814"
"2024-09-28","1514.70","108486.18","0.00","715.10","284.11","110000.86","110000.86","110715.95","110715.95","999.21","16.22","16.4471","16.22","16.4471"
"2024-09-29","1516.17","108486.18","0.00","717.02","284.11","110002.34","110002.34","110719.20","110719.20","1001.13","1.48","14.8086","1.48","14.8086"
"2024-09-30","1549.36","108486.18","0.00","705.04","283.82","110035.52","110035.52","110740.56","110740.56","988.87","33.18","13.5000","33.18","13.5000"
"2024-10-01","1560.58","108486.18","0.00","708.85","283.80","110046.74","110046.74","110755.59","110755.59","992.66","11.22","14.7300","11.22","14.7300"
"2024-10-02","1566.36","108486.18","0.00","723.25","283.12","110052.53","110052.53","110775.78","110775.78","1006.38","5.79","12.1586","5.79","12.1586"
"2024-10-03","1572.24","108486.18","0.00","729.90","282.38","110058.40","110058.40","110785.77","110785.77","1012.28","5.87","11.4386","5.87","11.4386"
"2024-10-04","1581.36","108486.18","0.00","721.71","282.38","110067.53","110067.53","110789.23","110789.23","1004.09","9.13","11.8414","9.13","11.8414"
"2024-10-05","1583.07","108486.18","0.00","721.09","282.38","110069.24","110069.24","110790.32","110790.32","1003.47","1.71","9.7686","1.71","9.7686"
"2024-10-06","1587.17","108486.18","0.00","726.35","282.38","110073.34","110073.34","110799.69","110799.69","1008.73","4.10","10.1429","4.10","10.1429"
"2024-10-07","1618.99","108486.18","0.00","710.76","282.32","110105.16","110105.16","110815.91","110815.91","993.08","31.82","9.9486","31.82","9.9486"
"2024-10-08","1619.41","108486.18","0.00","713.60","282.32","110105.58","110105.58","110819.17","110819.17","995.92","0.42","8.4057","0.42","8.4057"
"2024-10-09","1634.54","108486.18","0.00","747.53","274.21","110120.71","110120.71","110868.23","110868.23","1021.73","15.13","9.7400","15.13","9.7400"
"2024-10-10","1715.98","108486.18","0.00","667.97","274.54","110202.14","110202.14","110870.09","110870.09","942.50","81.43","20.5343","81.43","20.5343"
"2024-10-11","1718.67","108486.18","0.00","665.34","274.54","110204.84","110204.84","110870.16","110870.16","939.88","2.70","19.6157","2.70","19.6157"
"2024-10-12","1719.60","108486.18","0.00","664.74","274.54","110205.77","110205.77","110870.51","110870.51","939.28","0.93","19.5043","0.93","19.5043"
"2024-10-13","1729.49","108486.18","0.00","685.35","255.87","110215.65","110215.65","110901.00","110901.00","941.22","9.88","20.3300","9.88","20.3300"
"2024-10-14","1729.61","108486.18","0.00","701.79","253.46","110215.77","110215.77","110917.56","110917.56","955.25","0.12","15.8014","0.12","15.8014"
"2024-10-15","1736.77","108486.18","0.00","726.88","222.35","110222.94","110222.94","110949.82","110949.82","949.23","7.17","16.7657","7.17","16.7657"
"2024-10-16","1772.62","108486.18","0.00","707.17","222.35","110258.79","110258.79","110965.96","110965.96","929.52","35.85","19.7257","35.85","19.7257"
"2024-10-17","1783.89","108486.18","0.00","705.91","222.49","110270.06","110270.06","110975.97","110975.97","928.40","11.27","9.7029","11.27","9.7029"
"2024-10-18","1799.16","108486.18","0.00","699.81","222.49","110285.33","110285.33","110985.14","110985.14","922.30","15.27","11.4986","15.27","11.4986"
"2024-10-19","1825.19","108486.18","0.00","654.33","222.64","110311.36","110311.36","110965.69","110965.69","876.97","26.03","15.0843","26.03","15.0843"
"2024-10-20","1826.93","108486.18","0.00","695.34","222.14","110313.10","110313.10","111008.44","111008.44","917.48","1.74","13.9214","1.74","13.9214"
"2024-10-21","1852.93","108486.18","0.00","682.26","221.89","110339.10","110339.10","111021.35","111021.35","904.15","26.00","17.6186","26.00","17.6186"
"2024-10-22","1857.77","108486.18","0.00","710.37","221.99","110343.93","110343.93","111054.30","111054.30","932.36","4.83","17.2843","4.83","17.2843"
"2024-10-23","1880.89","108486.18","0.00","714.82","219.86","110367.06","110367.06","111081.87","111081.87","934.68","23.13","15.4671","23.13","15.4671"
"2024-10-24","1898.28","108486.18","0.00","702.74","220.00","110384.45","110384.45","111087.19","111087.19","922.73","17.39","16.3414","17.39","16.3414"
"2024-10-25","1896.39","108486.18","0.00","737.08","219.90","110382.56","110382.56","111119.63","111119.63","956.97","-1.89","13.8900","-1.89","13.8900"
"2024-10-26","1934.68","108486.18","0.00","748.94","219.90","110420.85","110420.85","111169.79","111169.79","968.84","38.29","15.6414","38.29","15.6414"
"2024-10-27","1979.93","108486.18","0.00","751.98","219.90","110466.10","110466.10","111218.08","111218.08","971.87","45.25","21.8571","45.25","21.8571"
"2024-10-28","2012.52","108486.18","0.00","760.41","219.40","110498.69","110498.69","111259.10","111259.10","979.81","32.59","22.7986","32.59","22.7986"
"2024-10-29","2026.84","108486.18","0.00","767.89","219.42","110513.00","110513.00","111280.89","111280.89","987.30","14.31","24.1529","14.31","24.1529"
"2024-10-30","2046.84","108486.18","0.00","771.37","219.72","110533.01","110533.01","111304.38","111304.38","991.09","20.01","23.7071","20.01","23.7071"
"2024-10-31","2083.67","108486.18","0.00","780.62","224.57","110569.83","110569.83","111350.45","111350.45","1005.18","36.82","26.4829","36.82","26.4829"
"2024-11-01","2085.97","108486.18","0.00","826.50","224.50","110572.13","110572.13","111398.64","111398.64","1051.00","2.30","27.0814","2.30","27.0814"
"2024-11-02","2088.99","108486.18","0.00","848.19","224.35","110575.15","110575.15","111423.34","111423.34","1072.54","3.02","22.0429","3.02","22.0429"
"2024-11-03","1260.72","109388.71","0.00","797.52","222.39","110649.43","110649.43","111446.95","111446.95","1019.92","74.28","26.1900","74.28","26.1900"
"2024-11-04","1275.65","109388.71","0.00","784.50","222.80","110664.36","110664.36","111448.86","111448.86","1007.30","14.93","23.6671","14.93","23.6671"
"2024-11-05","1331.79","109388.71","0.00","797.19","214.47","110720.50","110720.50","111517.68","111517.68","1011.66","56.14","29.6429","56.14","29.6429"
"2024-11-06","1364.71","109388.71","0.00","790.06","214.47","110753.42","110753.42","111543.48","111543.48","1004.53","32.92","31.4871","32.92","31.4871"
"2024-11-07","1383.69","109388.71","0.00","780.24","214.47","110772.40","110772.40","111552.64","111552.64","994.71","18.98","28.9386","18.98","28.9386"
"2024-11-08","1400.06","109388.71","0.00","775.41","214.42","110788.77","110788.77","111564.18","111564.18","989.83","16.37","30.9486","16.37","30.9486"
"2024-11-09","1405.32","109388.71","0.00","791.75","219.18","110794.03","110794.03","111585.77","111585.77","1010.93","5.26","31.2686","5.26","31.2686"
"2024-11-10","1410.09","109388.71","0.00","806.01","214.55","110798.80","110798.80","111604.81","111604.81","1020.56","4.77","21.3386","4.77","21.3386"
"2024-11-11","1459.24","109388.71","0.00","784.77","211.81","110847.95","110847.95","111632.71","111632.71","996.58","49.15","26.2271","49.15","26.2271"
"2024-11-12","1464.04","109388.71","0.00","829.58","198.94","110852.75","110852.75","111682.32","111682.32","1028.52","4.80","18.8929","4.80","18.8929"
"2024-11-13","1475.93","109388.71","0.00","835.68","22302.21","110864.64","110864.64","111700.31","111700.31","22848.21","11.89","15.8886","11.89","15.8886"
"2024-11-14","1492.80","109388.71","0.00","865.70","176.80","110881.51","110881.51","111747.20","111747.20","1042.50","16.87","15.5871","16.87","15.5871"
"2024-11-15","1494.20","109388.71","0.00","900.18","182.17","110882.91","110882.91","111783.09","111783.09","1082.35","1.40","13.4486","1.40","13.4486"
"2024-11-16","1503.30","109388.71","0.00","906.35","174.39","110892.01","110892.01","111798.36","111798.36","1080.74","9.10","13.9971","9.10","13.9971"
"2024-11-17","1514.42","109388.71","0.00","905.50","173.17","110903.13","110903.13","111808.62","111808.62","1078.67","11.12","14.9043","11.12","14.9043"
"2024-11-18","1530.52","109388.71","0.00","904.82","167.43","110919.23","110919.23","111824.05","111824.05","1072.25","16.10","10.1829","16.10","10.1829"
"2024-11-19","1546.95","109388.71","0.00","892.22","168.13","110935.65","110935.65","111827.87","111827.87","1060.34","16.42","11.8429","16.42","11.8429"
"2024-11-20","1554.85","109388.71","0.00","903.90","168.21","110943.55","110943.55","111847.45","111847.45","1072.12","7.90","11.2729","7.90","11.2729"
"2024-11-21","1587.36","109388.71","0.00","925.84","155.14","110976.07","110976.07","111901.90","111901.90","1080.99","32.52","13.5086","32.52","13.5086"
"2024-11-22","1610.43","109388.71","0.00","948.45","141.71","110999.14","110999.14","111947.58","111947.58","1090.17","23.07","16.6043","23.07","16.6043"
"2024-11-23","1657.49","109388.71","0.00","904.24","141.71","111046.20","111046.20","111950.44","111950.44","1045.96","47.06","22.0271","47.06","22.0271"
"2024-11-24","1403.95","109692.15","0.00","875.54","140.26","111096.05","111096.05","111971.58","111971.58","1015.79","49.85","27.5600","49.85","27.5600"
"2024-11-25","1432.30","109692.15","0.00","887.65","140.00","111124.45","111124.45","112012.10","112012.10","1027.65","28.40","29.3171","28.40","29.3171"
"2024-11-26","1446.07","109692.15","0.00","883.46","140.29","111138.22","111138.22","112021.67","112021.67","1023.75","13.77","28.9386","13.77","28.9386"
"2024-11-27","1448.76","109692.15","0.00","895.52","140.27","111140.91","111140.91","112036.43","112036.43","1035.79","2.69","28.1943","2.69","28.1943"
"2024-11-28","1464.68","109692.15","0.00","888.26","136.93","111156.83","111156.83","112045.08","112045.08","1025.19","15.92","25.8229","15.92","25.8229"
"2024-11-29","1469.09","109692.15","0.00","889.33","136.94","111161.24","111161.24","112050.57","112050.57","1026.26","4.41","23.1571","4.41","23.1571"
"2024-11-30","1505.31","109692.15","0.00","878.42","121.47","111197.46","111197.46","112075.88","112075.88","999.89","36.22","21.6086","36.22","21.6086"
"2024-12-01","1506.04","109692.15","0.00","891.51","118.92","111198.19","111198.19","112089.70","112089.70","1010.43","0.73","14.5914","0.73","14.5914"
"2024-12-02","1506.80","109692.15","0.00","920.56","120.06","111198.94","111198.94","112119.50","112119.50","1040.61","0.75","10.6414","0.75","10.6414"
"2024-12-03","1527.74","109692.15","0.00","925.16","121.02","111219.89","111219.89","112145.04","112145.04","1046.17","20.95","11.6671","20.95","11.6671"
"2024-12-04","1537.19","109692.15","0.00","950.92","112.11","111229.34","111229.34","112180.25","112180.25","1063.03","9.45","12.6329","9.45","12.6329"
"2024-12-05","1560.01","109692.15","0.00","951.61","103.50","111252.15","111252.15","112203.76","112203.76","1055.11","22.81","13.6171","22.81","13.6171"
"2024-12-06","1591.60","109692.15","0.00","931.25","100.55","111283.75","111283.75","112214.99","112214.99","1031.79","31.60","17.5014","31.60","17.5014"
"2024-12-07","1620.93","112444.46","0.00","919.82","100.85","113045.69","113045.69","113610.74","113610.74","1020.67","1761.94","264.0329","1761.94","264.0329"
"2024-12-08","1625.63","109692.15","0.00","929.05","100.85","111317.78","111317.78","112246.83","112246.83","1029.90","-1727.91","17.0843","-1727.91","17.0843"
"2024-12-09","1632.16","109692.15","0.00","944.73","94.40","111324.31","111324.31","112269.04","112269.04","1039.14","6.53","17.9100","6.53","17.9100"
"2024-12-10","1676.30","109692.15","0.00","912.19","94.69","111368.45","111368.45","112280.64","112280.64","1006.88","44.14","21.2229","44.14","21.2229"
"2024-12-11","1696.19","109692.15","0.00","904.13","94.68","111388.34","111388.34","112292.47","112292.47","998.81","19.89","22.7143","19.89","22.7143"
"2024-12-12","1706.03","109692.15","0.00","910.78","94.74","111398.18","111398.18","112308.95","112308.95","1005.52","9.84","20.8614","9.84","20.8614"
"2024-12-13","1726.80","109692.15","0.00","902.61","94.46","111418.94","111418.94","112321.55","112321.55","997.07","20.76","19.3129","20.76","19.3129"
"2024-12-14","1727.70","109692.15","0.00","905.54","94.17","111419.85","111419.85","112325.39","112325.39","999.71","0.91","-232.2629","0.91","-232.2629"
"2024-12-15","1737.87","109692.15","0.00","910.78","94.17","111430.02","111430.02","112340.80","112340.80","1004.95","10.17","16.0343","10.17","16.0343"
"2024-12-16","1501.62","109930.80","0.00","924.03","89.66","111432.42","111432.42","112356.45","112356.45","1013.69","2.40","15.4443","2.40","15.4443"
"2024-12-17","1541.89","109930.80","0.00","892.72","89.77","111472.69","111472.69","112365.41","112365.41","982.49","40.27","14.8914","40.27","14.8914"
"2024-12-18","1542.40","109930.80","0.00","902.27","89.78","111473.21","111473.21","112375.47","112375.47","992.04","0.52","12.1243","0.52","12.1243"
"2024-12-19","1567.14","109930.80","0.00","912.14","86.73","111497.94","111497.94","112410.08","112410.08","998.87","24.73","14.2514","24.73","14.2514"
"2024-12-20","1591.40","109930.80","0.00","897.36","86.73","111522.20","111522.20","112419.56","112419.56","984.09","24.26","14.7514","24.26","14.7514"
"2024-12-21","1602.92","109930.80","0.00","886.04","86.70","111533.72","111533.72","112419.76","112419.76","972.75","11.52","16.2671","11.52","16.2671"
"2024-12-22","1604.08","109930.42","0.00","884.24","88.31","111534.49","111534.49","112418.73","112418.73","972.55","0.77","14.9243","0.77","14.9243"
"2024-12-23","1609.64","109930.42","0.00","884.41","86.76","111540.06","111540.06","112424.47","112424.47","971.17","5.57","15.3771","5.57","15.3771"
"2024-12-24","1640.70","109930.42","0.00","896.58","82.48","111571.12","111571.12","112467.70","112467.70","979.05","31.06","14.0614","31.06","14.0614"
"2024-12-25","1748.15","109930.42","0.00","829.57","67.55","111678.57","111678.57","112508.13","112508.13","897.12","107.45","29.3371","107.45","29.3371"
"2024-12-26","1748.32","109930.42","0.00","840.01","67.47","111678.74","111678.74","112518.75","112518.75","907.48","0.17","25.8286","0.17","25.8286"
"2024-12-27","1804.86","109930.42","0.00","774.76","73.23","111735.28","111735.28","112510.04","112510.04","847.98","56.54","30.4400","56.54","30.4400"
"2024-12-28","1807.27","109930.42","0.00","775.80","72.84","111737.69","111737.69","112513.48","112513.48","848.64","2.41","29.1386","2.41","29.1386"
"2024-12-29","1810.39","109929.21","0.00","795.62","72.77","111739.59","111739.59","112535.21","112535.21","868.39","1.90","29.3000","1.90","29.3000"
"2024-12-30","1823.05","109929.21","0.00","789.23","72.95","111752.25","111752.25","112541.48","112541.48","862.17","12.66","30.3129","12.66","30.3129"
"2024-12-31","1837.12","109929.21","0.00","785.51","72.11","111766.32","111766.32","112551.83","112551.83","857.62","14.07","27.8857","14.07","27.8857"
"2025-01-01","1837.61","109660.98","0.00","799.31","72161.89","111498.59","111498.59","112297.90","112297.90","72961.20","-267.73","-25.7114","-267.73","-25.7114"
"2025-01-02","1868.03","109910.46","0.00","775.95","72161.63","111778.48","111778.48","112554.44","112554.44","72937.58","279.89","14.2486","279.89","14.2486"
"2025-01-03","1898.91","109910.43","0.00","763.52","72161.37","111809.34","111809.34","112572.86","112572.86","72924.89","30.86","10.5800","30.86","10.5800"
"2025-01-04","1901.96","109910.43","0.00","789.39","72142.08","111812.39","111812.39","112601.78","112601.78","72931.47","3.05","10.6714","3.05","10.6714"
"2025-01-05","1927.48","109910.43","0.00","777.16","72138.90","111837.91","111837.91","112615.07","112615.07","72916.07","25.52","14.0457","25.52","14.0457"
"2025-01-06","1928.88","109910.43","0.00","784.49","72135.51","111839.31","111839.31","112623.79","112623.79","72919.56","1.40","12.4371","1.40","12.4371"
"2025-01-07","1939.72","109910.43","0.00","790.37","72123.92","111850.15","111850.15","112640.52","112640.52","72914.29","10.84","11.9757","10.84","11.9757"
"2025-01-08","1357.45","110493.00","0.00","814.37","72117.35","111850.45","111850.45","112664.82","112664.82","72931.73","0.30","50.2657","0.30","50.2657"
"2025-01-09","1361.28","110493.00","0.00","818.46","72113.36","111854.27","111854.27","112672.73","112672.73","72931.82","3.82","10.8271","3.82","10.8271"
"2025-01-10","1376.28","110493.00","0.00","816.41","72110.07","111869.27","111869.27","112685.68","112685.68","72926.47","15.00","8.5614","15.00","8.5614"
"2025-01-11","1379.04","110493.00","0.00","833.80","72106.28","111872.04","111872.04","112705.83","112705.83","72940.08","2.77","8.5214","2.77","8.5214"
"2025-01-12","1380.70","110493.00","0.00","846.46","72100.78","111873.70","111873.70","112720.16","112720.16","72947.24","1.66","5.1129","1.66","5.1129"
"2025-01-13","1409.81","110493.00","0.00","827.11","72100.73","111902.80","111902.80","112729.91","112729.91","72927.84","29.10","9.0700","29.10","9.0700"
"2025-01-14","1412.16","110493.00","0.00","829.77","72100.06","111905.16","111905.16","112734.92","112734.92","72929.82","2.36","7.8586","2.36","7.8586"
"2025-01-15","1438.48","110493.00","0.00","816.28","72099.80","111931.48","111931.48","112747.75","112747.75","72916.07","26.32","11.5757","26.32","11.5757"
"2025-01-16","1440.52","110493.00","0.00","815.29","72098.95","111933.52","111933.52","112748.80","112748.80","72914.24","2.04","11.3214","2.04","11.3214"
"2025-01-17","1452.15","110493.00","0.00","830.07","72093.18","111945.14","111945.14","112775.21","112775.21","72923.25","11.62","10.8386","11.62","10.8386"
"2025-01-18","1461.35","110493.00","0.00","827.51","72091.20","111954.34","111954.34","112781.85","112781.85","72915.80","9.20","11.7571","9.20","11.7571"
"2025-01-19","1474.10","110493.00","0.00","818.34","72090.63","111967.09","111967.09","112785.43","112785.43","72906.06","12.75","13.3414","12.75","13.3414"
"2025-01-20","1484.47","110493.00","0.00","824.23","72083.31","111977.46","111977.46","112801.69","112801.69","72904.63","10.37","10.6657","10.37","10.6657"
"2025-01-21","1498.51","110493.00","0.00","810.40","72083.42","111991.50","111991.50","112801.90","112801.90","72890.91","14.04","12.3343","14.04","12.3343"
"2025-01-22","1502.50","110493.00","0.00","818.39","72073.57","111995.49","111995.49","112813.88","112813.88","72889.05","3.99","9.1443","3.99","9.1443"
"2025-01-23","1507.13","110493.00","0.00","817.89","72073.57","112000.12","112000.12","112818.00","112818.00","72888.55","4.63","9.5143","4.63","9.5143"
"2025-01-24","1516.17","110493.00","0.00","829.34","72068.88","112009.16","112009.16","112838.49","112838.49","72895.31","9.04","9.1457","9.04","9.1457"
"2025-01-25","1533.99","110493.00","0.00","821.47","72068.40","112026.98","112026.98","112848.45","112848.45","72886.97","17.82","10.3771","17.82","10.3771"
"2025-01-26","1538.42","110493.00","0.00","830.09","72067.06","112031.41","112031.41","112861.50","112861.50","72894.25","4.43","9.1886","4.43","9.1886"
"2025-01-27","1538.50","110493.00","0.00","839.60","72063.51","112031.49","112031.49","112871.09","112871.09","72900.20","0.08","7.7186","0.08","7.7186"
"2025-01-28","1632.19","110496.14","0.00","761.38","72063.15","112128.32","112128.32","112889.70","112889.70","72821.62","96.83","19.5457","96.83","19.5457"
"2025-01-29","1657.19","110496.14","0.00","735.45","72062.47","112153.32","112153.32","112888.77","112888.77","72794.10","25.00","22.5471","25.00","22.5471"
"2025-01-30","1665.44","110496.14","0.00","773.65","72049.17","112161.58","112161.58","112935.22","112935.22","72822.82","8.26","23.0657","8.26","23.0657"
"2025-01-31","1697.53","110496.14","0.00","767.80","72046.64","112193.67","112193.67","112961.46","112961.46","72814.44","32.09","26.3586","32.09","26.3586"
"2025-02-01","1740.93","110496.14","0.00","729.08","72042.82","112237.06","112237.06","112966.14","112966.14","72771.89","43.39","30.0114","43.39","30.0114"
"2025-02-02","1759.74","110496.73","0.00","715.59","72040.70","112256.46","112256.46","112972.05","112972.05","72756.28","19.40","32.1500","19.40","32.1500"
"2025-02-03","1791.46","110496.73","0.00","699.08","72041.67","112288.19","112288.19","112987.27","112987.27","72740.75","31.73","36.6714","31.73","36.6714"
"2025-02-04","1793.37","110496.73","0.00","707.16","72041.27","112290.09","112290.09","112997.25","112997.25","72748.43","1.90","23.1100","1.90","23.1100"
"2025-02-05","1797.17","110496.73","0.00","17.92","72015.25","112293.90","112293.90","112311.82","112311.82","72033.17","3.81","20.0829","3.81","20.0829"
"2025-02-06","1813.19","110496.73","0.00","753.20","71987.15","112309.92","112309.92","113063.11","113063.11","72740.34","16.02","21.1914","16.02","21.1914"
"2025-02-07","1814.11","110496.73","0.00","765.65","71974.83","112310.83","112310.83","113076.48","113076.48","72740.47","0.91","16.7371","0.91","16.7371"
"2025-02-08","1848.71","110496.73","0.00","737.71","71969.16","112345.44","112345.44","113083.14","113083.14","72706.87","34.61","15.4829","34.61","15.4829"
"2025-02-09","1854.89","110496.73","0.00","739.02","71963.21","112351.62","112351.62","113090.63","113090.63","72702.23","6.18","13.5943","6.18","13.5943"
"2025-02-10","1854.32","110496.73","0.00","748.16","71962.90","112351.05","112351.05","113099.21","113099.21","72711.06","-0.57","8.9800","-0.57","8.9800"
"2025-02-11","1866.33","110496.73","0.00","746.26","71962.11","112363.06","112363.06","113109.32","113109.32","72708.37","12.01","10.4243","12.01","10.4243"
"2025-02-12","1867.57","110496.73","0.00","765.98","71957.99","112364.29","112364.29","113130.27","113130.27","72723.97","1.23","10.0557","1.23","10.0557"
"2025-02-13","1871.86","110496.73","0.00","781.51","71955.34","112368.59","112368.59","113150.09","113150.09","72736.85","4.30","8.3814","4.30","8.3814"
"2025-02-14","1875.45","110496.73","0.00","789.89","71953.15","112372.18","112372.18","113162.06","113162.06","72743.03","3.59","8.7643","3.59","8.7643"
"2025-02-15","1878.20","110496.73","0.00","789.86","71952.82","112374.93","112374.93","113164.78","113164.78","72742.67","2.75","4.2129","2.75","4.2129"
"2025-02-16","1894.72","110496.73","0.00","780.89","71951.88","112391.45","112391.45","113172.33","113172.33","72732.77","16.52","5.6900","16.52","5.6900"
"2025-02-17","1903.11","110496.73","0.00","802.95","71949.59","112399.84","112399.84","113202.78","113202.78","72752.54","8.39","6.9700","8.39","6.9700"
"2025-02-18","1912.57","110496.73","0.00","807.18","71943.68","112409.30","112409.30","113216.47","113216.47","72750.86","9.46","6.6057","9.46","6.6057"
"2025-02-19","1921.44","110496.73","0.00","814.37","71940.16","112418.17","112418.17","113232.53","113232.53","72754.53","8.87","7.6971","8.87","7.6971"
"2025-02-20","1935.86","110496.73","0.00","830.11","71920.88","112432.58","112432.58","113262.69","113262.69","72750.77","14.41","9.1414","14.41","9.1414"
"2025-02-21","1957.87","110496.73","0.00","817.77","71918.52","112454.60","112454.60","113272.37","113272.37","72736.07","22.02","11.7743","22.02","11.7743"
"2025-02-22","1966.46","110496.73","0.00","823.17","71915.63","112463.19","112463.19","113286.35","113286.35","72738.58","8.59","12.6086","8.59","12.6086"
"2025-02-23","1981.61","110496.73","0.00","813.20","71913.40","112478.33","112478.33","113291.52","113291.52","72726.38","15.14","12.4114","15.14","12.4114"
"2025-02-24","1982.08","110496.73","0.00","823.38","71912.56","112478.81","112478.81","113302.19","113302.19","72735.73","0.48","11.2814","0.48","11.2814"
"2025-02-25","2024.74","110496.73","0.00","811.88","71903.57","112521.47","112521.47","113333.32","113333.32","72714.61","42.66","16.0243","42.66","16.0243"
"2025-02-26","2036.44","110499.91","0.00","802.17","71901.68","112536.35","112536.35","113338.51","113338.51","72703.18","14.88","16.8829","14.88","16.8829"
"2025-02-27","2041.32","110499.91","0.00","807.76","71900.11","112541.23","112541.23","113348.98","113348.98","72707.19","4.88","15.5214","4.88","15.5214"
"2025-02-28","2047.82","110499.91","0.00","802.79","71899.99","112547.73","112547.73","113350.51","113350.51","72702.11","6.50","13.3043","6.50","13.3043"
"2025-03-01","2050.91","110499.91","0.00","799.19","71900.50","112550.82","112550.82","113350.00","113350.00","72699.02","3.09","12.5186","3.09","12.5186"
"2025-03-02","2058.35","110499.91","0.00","799.21","71896.81","112558.26","112558.26","113357.46","113357.46","72696.02","7.44","11.4186","7.44","11.4186"
"2025-03-03","2058.65","110499.91","0.00","804.05","71898.15","112558.56","112558.56","113362.59","113362.59","72702.20","0.30","11.3929","0.30","11.3929"
"2025-03-04","399.94","110504.64","0.00","789.52","71898.16","110904.58","110904.58","111694.09","111694.09","72687.67","-1653.98","-230.9843","-1653.98","-230.9843"
"2025-03-05","2064.31","110504.64","0.00","797.55","71894.77","112568.95","112568.95","113366.48","113366.48","72692.23","1664.37","4.6571","1664.37","4.6571"
"2025-03-06","2073.20","110504.64","0.00","793.13","71890.85","112577.84","112577.84","113370.95","113370.95","72683.91","8.89","5.2300","8.89","5.2300"
"2025-03-07","2075.62","110504.64","0.00","803.36","71879.26","112580.26","112580.26","113383.61","113383.61","72682.54","2.42","4.6471","2.42","4.6471"
"2025-03-08","1726.65","110853.90","0.00","813.25","71870.64","112580.54","112580.54","113393.78","113393.78","72683.81","0.28","4.2457","0.28","4.2457"
"2025-03-09","1743.84","110853.90","0.00","796.88","71870.15","112597.73","112597.73","113394.60","113394.60","72666.95","17.19","5.6386","17.19","5.6386"
"2025-03-10","1749.58","110853.90","0.00","794.01","71869.76","112603.48","112603.48","113397.47","113397.47","72663.69","5.75","6.4171","5.75","6.4171"
"2025-03-11","1749.91","110853.90","0.00","797.90","71868.88","112603.80","112603.80","113401.68","113401.68","72666.70","0.32","242.7457","0.32","242.7457"
"2025-03-12","1760.55","110853.90","0.00","772.08","71874.31","112614.44","112614.44","113386.51","113386.51","72646.31","10.64","6.4986","10.64","6.4986"
"2025-03-13","1758.86","110853.90","0.00","795.51","71872.82","112612.76","112612.76","113408.26","113408.26","72668.26","-1.68","4.9886","-1.68","4.9886"
"2025-03-14","1758.64","110853.90","0.00","798.35","71870.57","112612.53","112612.53","113410.87","113410.87","72668.81","-0.23","4.6100","-0.23","4.6100"
"2025-03-15","1760.20","110853.90","0.00","805.17","71863.51","112614.09","112614.09","113419.25","113419.25","72668.58","1.56","4.7929","1.56","4.7929"
"2025-03-16","1768.85","110853.90","0.00","808.85","71857.21","112622.75","112622.75","113431.59","113431.59","72665.96","8.66","3.5743","8.66","3.5743"
"2025-03-17","1770.83","110853.90","0.00","827.90","71852.38","112624.73","112624.73","113452.61","113452.61","72680.18","1.98","3.0357","1.98","3.0357"
"2025-03-18","1777.28","110853.90","0.00","828.21","71849.58","112631.18","112631.18","113459.37","113459.37","72677.68","6.45","3.9114","6.45","3.9114"
"2025-03-19","1779.69","110853.90","0.00","826.95","71850.05","112633.58","112633.58","113460.52","113460.52","72676.93","2.40","2.7343","2.40","2.7343"
"2025-03-20","1780.74","110853.90","0.00","830.76","71847.96","112634.64","112634.64","113465.38","113465.38","72678.65","1.06","3.1257","1.06","3.1257"
"2025-03-21","1783.55","110853.90","0.00","833.98","71843.94","112637.45","112637.45","113471.41","113471.41","72677.85","2.81","3.5600","2.81","3.5600"
"2025-03-22","1790.58","110853.90","0.00","829.16","71842.71","112644.47","112644.47","113473.62","113473.62","72671.79","7.02","4.3400","7.02","4.3400"
"2025-03-23","1795.20","110853.90","0.00","826.47","71840.78","112649.10","112649.10","113475.55","113475.55","72667.17","4.63","3.7643","4.63","3.7643"
"2025-03-24","1796.40","110853.90","0.00","841.29","71830.96","112650.30","112650.30","113491.57","113491.57","72672.17","1.20","3.6529","1.20","3.6529"
"2025-03-25","1806.99","110853.90","0.00","837.35","71828.82","112660.89","112660.89","113498.22","113498.22","72666.09","10.59","4.2443","10.59","4.2443"
"2025-03-26","1810.19","110853.90","0.00","845.61","71822.36","112664.09","112664.09","113509.68","113509.68","72667.89","3.20","4.3586","3.20","4.3586"
"2025-03-27","1833.25","110853.90","0.00","848.60","71802.81","112687.15","112687.15","113535.74","113535.74","72651.33","23.06","7.5014","23.06","7.5014"
"2025-03-28","1841.65","110853.90","0.00","857.35","71797.50","112695.54","112695.54","113552.88","113552.88","72654.77","8.39","8.2986","8.39","8.2986"
"2025-03-29","1869.27","110853.90","0.00","846.17","71789.54","112723.17","112723.17","113569.32","113569.32","72635.63","27.63","11.2429","27.63","11.2429"
"2025-03-30","1869.97","110853.90","0.00","864.19","71773.80","112723.86","112723.86","113588.05","113588.05","72637.92","0.69","10.6800","0.69","10.6800"
"2025-03-31","1897.56","110853.90","0.00","839.23","71772.05","112751.45","112751.45","113590.67","113590.67","72611.21","27.59","14.4500","27.59","14.4500"
"2025-04-01","1909.43","110853.90","0.00","865.04","71764.92","112763.32","112763.32","113628.35","113628.35","72629.88","11.87","14.6329","11.87","14.6329"
"2025-04-02","1921.66","110853.90","0.00","848.35","71760.93","112775.56","112775.56","113623.90","113623.90","72609.21","12.24","15.9243","12.24","15.9243"
"2025-04-03","1920.59","110853.90","0.00","860.84","71768.74","112774.49","112774.49","113635.32","113635.32","72629.51","-1.07","12.4771","-1.07","12.4771"
"2025-04-04","1920.32","110853.90","0.00","869.17","71763.11","112774.21","112774.21","113643.37","113643.37","72632.20","-0.28","11.2386","-0.28","11.2386"
"2025-04-05","1919.30","110853.90","0.00","867.30","71766.32","112773.19","112773.19","113640.49","113640.49","72633.55","-1.02","7.1457","-1.02","7.1457"
"2025-04-06","1932.84","110853.90","0.00","856.86","71764.61","112786.74","112786.74","113643.59","113643.59","72621.39","13.55","8.9829","13.55","8.9829"
"2025-04-07","1935.51","110853.90","0.00","892.74","71740.54","112789.40","112789.40","113682.14","113682.14","72633.21","2.66","5.4214","2.66","5.4214"
"2025-04-08","1937.64","110853.90","0.00","905.13","71729.71","112791.53","112791.53","113696.66","113696.66","72634.76","2.13","4.0300","2.13","4.0300"
"2025-04-09","1940.58","110853.87","0.00","936.32","71708.10","112794.45","112794.45","113730.76","113730.76","72644.34","2.92","2.6986","2.92","2.6986"
"2025-04-10","1944.63","110853.87","0.00","943.83","71702.77","112798.50","112798.50","113742.32","113742.32","72646.52","4.05","3.4300","4.05","3.4300"
"2025-04-11","1951.53","110853.87","0.00","951.28","71700.35","112805.40","112805.40","113756.67","113756.67","72651.55","6.90","4.4557","6.90","4.4557"
"2025-04-12","1970.79","110853.87","0.00","944.15","71692.40","112824.66","112824.66","113768.81","113768.81","72636.48","19.26","7.3529","19.26","7.3529"
"2025-04-13","1970.23","110853.87","0.00","953.33","71688.79","112824.10","112824.10","113777.42","113777.42","72642.04","-0.56","5.3371","-0.56","5.3371"
"2025-04-14","1984.75","110853.87","0.00","969.13","71677.92","112838.62","112838.62","113807.74","113807.74","72646.98","14.52","7.0314","14.52","7.0314"
"2025-04-15","1985.91","110853.87","0.00","984.84","71666.49","112839.78","112839.78","113824.61","113824.61","72651.25","1.16","6.8929","1.16","6.8929"
"2025-04-16","1996.00","110853.87","0.00","979.23","71663.60","112849.87","112849.87","113829.09","113829.09","72642.75","10.09","7.9171","10.09","7.9171"
"2025-04-17","2001.57","110853.87","0.00","999.90","71661.23","112855.44","112855.44","113855.33","113855.33","72661.06","5.57","8.1343","5.57","8.1343"
"2025-04-18","2003.86","110853.87","0.00","1003.92","71659.22","112857.73","112857.73","113861.64","113861.64","72663.06","2.29","7.4757","2.29","7.4757"
"2025-04-19","2006.92","110853.87","0.00","1000.69","71659.94","112860.79","112860.79","113861.48","113861.48","72660.56","3.06","5.1614","3.06","5.1614"
"2025-04-20","2008.24","110853.87","0.00","1001.36","71657.95","112862.11","112862.11","113863.47","113863.47","72659.24","1.32","5.4300","1.32","5.4300"
"2025-04-21","2005.06","110853.87","0.00","1020.00","71657.68","112858.93","112858.93","113878.92","113878.92","72677.60","-3.18","2.9014","-3.18","2.9014"
"2025-04-22","2005.08","110853.87","0.00","1069.09","71616.89","112858.95","112858.95","113928.04","113928.04","72685.91","0.02","2.7386","0.02","2.7386"
"2025-04-23","2014.02","110853.87","0.00","1060.48","71617.08","112867.89","112867.89","113928.37","113928.37","72677.48","8.94","2.5743","8.94","2.5743"
"2025-04-24","2016.57","110853.87","0.00","1062.05","71616.90","112870.44","112870.44","113932.48","113932.48","72678.88","2.55","2.1429","2.55","2.1429"
"2025-04-25","2024.12","110853.87","0.00","1056.79","71614.96","112877.99","112877.99","113934.78","113934.78","72671.68","7.55","2.8943","7.55","2.8943"
"2025-04-26","2036.34","110853.87","0.00","1046.69","71615.43","112890.21","112890.21","113936.89","113936.89","72662.04","12.22","4.2029","12.22","4.2029"
"2025-04-27","2039.64","110853.87","0.00","1045.32","71614.77","112893.51","112893.51","113938.83","113938.83","72660.02","3.30","4.4857","3.30","4.4857"
"2025-04-28","2063.74","110853.87","0.00","1032.47","71603.87","112917.61","112917.61","113950.07","113950.07","72636.26","24.10","8.3829","24.10","8.3829"
"2025-04-29","2071.10","110853.87","0.00","1037.89","71593.51","112924.97","112924.97","113962.84","113962.84","72631.28","7.36","9.4314","7.36","9.4314"
"2025-04-30","2084.33","110853.87","0.00","1031.98","71586.06","112938.20","112938.20","113970.17","113970.17","72617.92","13.23","10.0443","13.23","10.0443"
"2025-05-01","2101.67","110853.87","0.00","1021.72","71580.22","112955.54","112955.54","113977.25","113977.25","72601.82","17.34","12.1571","17.34","12.1571"
"2025-05-02","2112.24","110853.87","0.00","1027.94","71579.29","112966.11","112966.11","113994.04","113994.04","72607.11","10.57","12.5886","10.57","12.5886"
"2025-05-03","2130.01","110853.87","0.00","1052.55","71573.24","112983.88","112983.88","114036.42","114036.42","72625.67","17.77","13.3814","17.77","13.3814"
"2025-05-04","2148.86","110853.87","0.00","1035.36","71573.45","113002.73","113002.73","114038.09","114038.09","72608.70","18.85","15.6029","18.85","15.6029"
"2025-05-05","2166.21","110853.87","0.00","1026.98","71571.76","113020.08","113020.08","114047.05","114047.05","72598.62","17.35","14.6386","17.35","14.6386"
"2025-05-06","2169.31","110853.87","0.00","1025.58","71571.25","113023.18","113023.18","114048.75","114048.75","72596.71","3.10","14.0300","3.10","14.0300"
"2025-05-07","2180.62","110853.87","0.00","1022.14","71566.97","113034.49","113034.49","114056.62","114056.62","72588.99","11.31","13.7557","11.31","13.7557"
"2025-05-08","2199.34","110853.87","0.00","1009.62","71565.12","113053.21","113053.21","114062.82","114062.82","72574.62","18.72","13.9529","18.72","13.9529"
"2025-05-09","2202.00","110853.87","0.00","1020.74","71560.71","113055.87","113055.87","114076.60","114076.60","72581.33","2.66","12.8229","2.66","12.8229"
"2025-05-10","2214.51","110853.87","0.00","1017.71","71560.71","113068.38","113068.38","114086.09","114086.09","72578.31","12.51","12.0714","12.51","12.0714"
"2025-05-11","2221.24","110853.87","0.00","1012.71","71561.01","113075.11","113075.11","114087.81","114087.81","72573.60","6.73","10.3400","6.73","10.3400"
"2025-05-12","2226.82","110853.87","0.00","1025.28","71560.86","113080.69","113080.69","114105.96","114105.96","72586.03","5.58","8.6586","5.58","8.6586"
"2025-05-13","2254.33","110853.87","0.00","1027.51","71556.27","113108.20","113108.20","114135.70","114135.70","72583.66","27.51","12.1457","27.51","12.1457"
"2025-05-14","2295.86","110853.87","0.00","1032.92","71530.66","113149.73","113149.73","114182.65","114182.65","72563.47","41.53","16.4629","41.53","16.4629"
"2025-05-15","2302.11","110853.87","0.00","1047.69","71518.73","113155.98","113155.98","114203.66","114203.66","72566.30","6.25","14.6814","6.25","14.6814"
"2025-05-16","1607.18","111565.11","0.00","1032.14","71523.00","113172.29","113172.29","114204.42","114204.42","72555.09","16.31","16.6314","16.31","16.6314"
"2025-05-17","1649.54","111565.11","0.00","1006.87","71521.92","113214.64","113214.64","114221.26","114221.26","72528.75","42.35","20.8943","42.35","20.8943"
"2025-05-18","1676.46","111565.11","0.00","986.44","71519.75","113241.56","113241.56","114228.00","114228.00","72506.15","26.92","23.7786","26.92","23.7786"
"2025-05-19","1678.84","111565.11","0.00","1027.71","71509.28","113243.94","113243.94","114271.65","114271.65","72536.95","2.38","23.3214","2.38","23.3214"
"2025-05-20","1682.61","111565.11","0.00","1029.58","71505.38","113247.72","113247.72","114277.29","114277.29","72534.92","3.78","19.9314","3.78","19.9314"
"2025-05-21","1690.79","111565.11","0.00","1032.37","71500.80","113255.90","113255.90","114288.26","114288.26","72533.13","8.18","15.1671","8.18","15.1671"
"2025-05-22","1689.23","111565.11","0.00","1035.92","71505.78","113254.33","113254.33","114290.25","114290.25","72541.66","-1.57","14.0500","-1.57","14.0500"
"2025-05-23","1709.22","111565.11","0.00","1039.22","71492.68","113274.32","113274.32","114313.54","114313.54","72531.90","19.99","14.5757","19.99","14.5757"
"2025-05-24","1743.08","111565.11","0.00","1021.98","71492.47","113308.19","113308.19","114330.16","114330.16","72514.45","33.87","13.3643","33.87","13.3643"
"2025-05-25","1808.47","111565.11","0.00","982.81","71486.65","113373.58","113373.58","114356.39","114356.39","72469.46","65.39","18.8600","65.39","18.8600"
"2025-05-26","1820.89","111565.11","0.00","1011.34","71475.94","113385.99","113385.99","114397.32","114397.32","72487.27","12.41","20.2929","12.41","20.2929"
"2025-05-27","1823.70","111565.11","0.00","1028.79","71473.17","113388.80","113388.80","114417.58","114417.58","72501.47","2.81","20.1543","2.81","20.1543"
"2025-05-28","1839.07","111565.11","0.00","1041.66","71451.36","113404.17","113404.17","114445.82","114445.82","72492.02","15.37","21.1814","15.37","21.1814"
"2025-05-29","1861.66","111562.81","0.00","1028.09","71446.06","113424.46","113424.46","114452.55","114452.55","72474.15","20.29","24.3043","20.29","24.3043"
"2025-05-30","1880.09","111562.81","0.00","1026.75","71434.40","113442.90","113442.90","114469.64","114469.64","72461.15","18.44","24.0829","18.44","24.0829"
"2025-05-31","1891.27","111562.81","0.00","1023.99","71422.82","113454.07","113454.07","114478.06","114478.06","72446.81","11.17","20.8400","11.17","20.8400"
"2025-06-01","1906.42","111562.81","0.00","1025.29","71421.13","113469.22","113469.22","114494.51","114494.51","72446.42","15.15","13.6629","15.15","13.6629"
"2025-06-02","1943.84","111562.81","0.00","1031.77","71377.69","113506.65","113506.65","114538.41","114538.41","72409.46","37.43","17.2371","37.43","17.2371"
"2025-06-03","1943.89","111562.81","0.00","1045.01","71376.12","113506.69","113506.69","114551.69","114551.69","72421.12","0.04","16.8414","0.04","16.8414"
"2025-06-04","1984.85","111562.81","0.00","1047.90","71345.99","113547.65","113547.65","114595.54","114595.54","72393.89","40.96","20.4971","40.96","20.4971"
"2025-06-05","1997.19","111562.81","0.00","1060.87","71338.09","113560.00","113560.00","114620.87","114620.87","72398.96","12.35","19.3629","12.35","19.3629"
"2025-06-06","2032.91","111562.81","0.00","1047.05","71323.70","113595.72","113595.72","114642.76","114642.76","72370.75","35.72","21.8314","35.72","21.8314"
"2025-06-07","2060.00","111562.81","0.00","1057.22","71288.92","113622.81","113622.81","114680.03","114680.03","72346.14","27.09","24.1057","27.09","24.1057"
"2025-06-08","2060.08","111562.81","0.00","1074.87","71286.28","113622.89","113622.89","114697.76","114697.76","72361.15","0.08","21.9529","0.08","21.9529"
"2025-06-09","2076.12","111562.81","0.00","1086.44","71285.68","113638.93","113638.93","114725.35","114725.35","72372.12","16.04","18.8971","16.04","18.8971"
"2025-06-10","2081.88","111562.81","0.00","1105.26","71298.77","113644.69","113644.69","114749.93","114749.93","72404.03","5.76","19.7143","5.76","19.7143"
"2025-06-11","2117.80","111534.44","0.00","1093.98","71312.27","113652.23","113652.23","114746.20","114746.20","72406.25","7.54","14.9400","7.54","14.9400"
"2025-06-12","2169.07","111534.46","0.00","1069.15","71311.53","113703.52","113703.52","114772.66","114772.66","72380.67","51.29","20.5029","51.29","20.5029"
"2025-06-13","2191.09","111534.46","0.00","1104.81","71283.50","113725.54","113725.54","114830.34","114830.34","72388.29","22.02","18.5457","22.02","18.5457"
"2025-06-14","2198.12","111534.46","0.00","1099.76","71283.13","113732.58","113732.58","114832.32","114832.32","72382.87","7.04","15.6814","7.04","15.6814"
"2025-06-15","2219.88","111534.46","0.00","1085.05","71278.49","113754.34","113754.34","114839.38","114839.38","72363.53","21.76","18.7786","21.76","18.7786"
"2025-06-16","2229.81","111534.46","0.00","1089.39","71269.38","113764.27","113764.27","114853.65","114853.65","72358.74","9.93","17.9057","9.93","17.9057"
"2025-06-17","2248.52","111534.46","0.00","1086.27","71260.23","113782.97","113782.97","114869.23","114869.23","72346.47","18.70","19.7543","18.70","19.7543"
"2025-06-18","2255.70","111534.46","0.00","1098.15","71254.68","113790.15","113790.15","114888.29","114888.29","72350.06","7.18","19.7029","7.18","19.7029"
"2025-06-19","2257.41","111534.46","0.00","1109.16","71253.28","113791.86","113791.86","114901.01","114901.01","72362.44","1.71","12.6200","1.71","12.6200"
"2025-06-20","2279.65","111534.46","0.00","1114.14","71241.30","113814.10","113814.10","114928.24","114928.24","72355.43","22.24","12.6514","22.24","12.6514"
"2025-06-21","2339.30","111534.46","0.00","1075.67","71239.38","113873.76","113873.76","114949.42","114949.42","72315.05","59.66","20.1686","59.66","20.1686"
"2025-06-22","2343.88","111534.46","0.00","1076.02","71236.28","113878.33","113878.33","114954.35","114954.35","72312.29","4.57","17.7129","4.57","17.7129"
"2025-06-23","2364.29","111534.46","0.00","1056.05","71242.98","113898.74","113898.74","114954.78","114954.78","72299.02","20.41","19.2100","20.41","19.2100"
"2025-06-24","2364.82","111534.46","0.00","1071.27","71238.50","113899.28","113899.28","114970.53","114970.53","72309.77","0.54","16.6157","0.54","16.6157"
"2025-06-25","2371.55","111534.46","0.00","1068.92","71241.02","113906.00","113906.00","114974.91","114974.91","72307.99","6.72","16.5500","6.72","16.5500"
"2025-06-26","2378.53","111534.46","0.00","1090.75","71216.25","113912.98","113912.98","115003.73","115003.73","72306.82","6.98","17.3029","6.98","17.3029"
"2025-06-27","2385.03","111534.46","0.00","1091.04","71215.40","113919.48","113919.48","115010.51","115010.51","72306.26","6.50","15.0543","6.50","15.0543"
"2025-06-28","2391.13","111534.46","0.00","1100.89","71215.52","113925.58","113925.58","115026.46","115026.46","72316.22","6.10","7.4029","6.10","7.4029"
"2025-06-29","2390.96","111534.46","0.00","1127.39","71211.62","113925.42","113925.42","115052.79","115052.79","72338.82","-0.16","6.7271","-0.16","6.7271"
"2025-06-30","2401.44","111534.46","0.00","1130.31","71210.61","113935.89","113935.89","115066.19","115066.19","72340.89","10.47","5.3071","10.47","5.3071"
"2025-07-01","2402.21","111534.46","0.00","1221.63","71135.42","113936.66","113936.66","115158.29","115158.29","72357.02","0.77","5.3400","0.77","5.3400"
"2025-07-02","2405.65","111534.46","0.00","1246.88","71132.68","113940.11","113940.11","115186.98","115186.98","72379.52","3.45","4.8729","3.45","4.8729"
"2025-07-03","2403.08","111534.46","0.00","1247.68","71140.98","113937.53","113937.53","115185.21","115185.21","72388.62","-2.58","3.5071","-2.58","3.5071"
"2025-07-04","2443.58","111534.46","0.00","1213.20","71145.71","113978.03","113978.03","115191.22","115191.22","72358.88","40.50","8.3643","40.50","8.3643"
"2025-07-05","2485.86","111534.46","0.00","1190.42","71122.52","114020.31","114020.31","115210.72","115210.72","72312.93","42.28","13.5329","42.28","13.5329"
"2025-07-06","2491.71","111534.46","0.00","1192.03","71118.72","114026.16","114026.16","115218.19","115218.19","72310.75","5.85","14.3914","5.85","14.3914"
"2025-07-07","2522.15","111534.46","0.00","1156.10","71111.43","114056.61","114056.61","115212.70","115212.70","72267.52","30.45","17.2457","30.45","17.2457"
"2025-07-08","2521.29","111534.46","0.00","1149.13","71127.09","114055.74","114055.74","115204.86","115204.86","72276.21","-0.87","17.0114","-0.87","17.0114"
"2025-07-09","2524.90","111534.46","0.00","1157.96","71121.40","114059.36","114059.36","115217.31","115217.31","72279.36","3.62","17.0357","3.62","17.0357"
"2025-07-10","2535.69","111534.46","0.00","1175.43","71101.31","114070.14","114070.14","115245.56","115245.56","72276.73","10.78","18.9443","10.78","18.9443"
"2025-07-11","2543.90","111534.46","0.00","1181.48","71105.42","114078.35","114078.35","115259.82","115259.82","72285.80","8.21","14.3314","8.21","14.3314"
"2025-07-12","2562.77","111534.46","0.00","1193.42","71097.18","114097.22","114097.22","115290.63","115290.63","72290.59","18.87","10.9871","18.87","10.9871"
"2025-07-13","2588.35","111534.46","0.00","1201.23","71084.68","114122.81","114122.81","115324.03","115324.03","72285.90","25.59","13.8071","25.59","13.8071"
"2025-07-14","2608.36","111534.46","0.00","1183.54","71082.39","114142.82","114142.82","115326.35","115326.35","72265.92","20.01","12.3157","20.01","12.3157"
"2025-07-15","2634.72","111534.46","0.00","1211.24","71064.84","114169.17","114169.17","115380.40","115380.40","72276.07","26.35","16.2043","26.35","16.2043"
"2025-07-16","2640.84","111534.46","0.00","1222.76","71061.34","114175.29","114175.29","115398.04","115398.04","72284.09","6.12","16.5614","6.12","16.5614"
"2025-07-17","2640.82","111534.46","0.00","1269.56","71037.57","114175.27","114175.27","115444.81","115444.81","72307.11","-0.02","15.0186","-0.02","15.0186"
"2025-07-18","2638.15","111534.46","0.00","1252.29","71041.10","114172.60","114172.60","115424.89","115424.89","72293.38","-2.67","13.4643","-2.67","13.4643"
"2025-07-19","2657.39","111534.46","0.00","1248.37","71035.85","114191.84","114191.84","115440.20","115440.20","72284.21","19.24","13.5171","19.24","13.5171"
"2025-07-20","2661.56","111534.46","0.00","1257.90","71033.86","114196.02","114196.02","115452.94","115452.94","72291.75","4.18","10.4586","4.18","10.4586"
"2025-07-21","2653.68","111534.46","0.00","1252.09","71062.90","114188.13","114188.13","115440.22","115440.22","72314.99","-7.89","6.4729","-7.89","6.4729"
"2025-07-22","2667.28","111534.46","0.00","1287.10","71039.52","114201.73","114201.73","115488.82","115488.82","72326.12","13.60","4.6514","13.60","4.6514"
"2025-07-23","2668.03","111534.46","0.00","1313.32","71036.63","114202.48","114202.48","115515.79","115515.79","72349.42","0.75","3.8843","0.75","3.8843"
"2025-07-24","2706.92","111534.46","0.00","1313.30","71034.17","114241.37","114241.37","115554.66","115554.66","72346.95","38.89","9.4429","38.89","9.4429"
"2025-07-25","2729.26","111534.37","0.00","1326.13","71014.50","114263.62","114263.62","115589.75","115589.75","72340.10","22.25","13.0029","22.25","13.0029"
"2025-07-26","2753.72","111533.49","0.00","1315.62","71029.30","114287.21","114287.21","115602.83","115602.83","72344.88","23.59","13.6243","23.59","13.6243"
"2025-07-27","2797.93","111533.49","0.00","1301.75","71023.26","114331.42","114331.42","115633.16","115633.16","72324.96","44.21","19.3429","44.21","19.3429"
"2025-07-28","2808.82","111533.49","0.00","1354.42","70999.59","114342.31","114342.31","115696.72","115696.72","72353.98","10.89","22.0257","10.89","22.0257"
"2025-07-29","2848.35","111533.49","0.00","1341.91","70979.88","114381.83","114381.83","115723.74","115723.74","72321.75","39.52","25.7286","39.52","25.7286"
"2025-07-30","2850.86","111533.49","0.00","1346.50","70976.62","114384.35","114384.35","115730.84","115730.84","72323.12","2.52","25.9814","2.52","25.9814"
"2025-07-31","2873.08","111518.57","0.00","1309.59","71022.54","114391.65","114391.65","115701.24","115701.24","72332.12","7.30","21.4686","7.30","21.4686"
"2025-08-01","2879.22","111518.57","0.00","1299.59","71042.56","114397.79","114397.79","115697.38","115697.38","72342.15","6.14","19.1671","6.14","19.1671"
"2025-08-02","2879.13","111518.57","0.00","1298.40","71040.56","114397.70","114397.70","115696.10","115696.10","72338.95","-0.09","15.7843","-0.09","15.7843"
"2025-08-03","2930.26","111518.57","0.00","1262.32","71029.04","114448.83","114448.83","115711.15","115711.15","72291.36","51.13","16.7729","51.13","16.7729"
"2025-08-04","2945.03","111518.57","0.00","1314.90","71002.84","114463.60","114463.60","115778.50","115778.50","72317.74","14.77","17.3271","14.77","17.3271"
"2025-08-05","2951.38","111518.57","0.00","1350.50","70993.63","114469.95","114469.95","115820.45","115820.45","72344.12","6.35","12.5886","6.35","12.5886"
"2025-08-06","2976.55","111518.57","0.00","1324.95","70992.10","114495.12","114495.12","115820.07","115820.07","72317.05","25.17","15.8243","25.17","15.8243"
"2025-08-07","3001.92","111518.57","0.00","1325.70","70975.38","114520.49","114520.49","115846.18","115846.18","72300.91","25.37","18.4057","25.37","18.4057"
"2025-08-08","3005.96","111518.57","0.00","1291.73","70974.37","114524.53","114524.53","115816.26","115816.26","72265.95","4.04","18.1057","4.04","18.1057"
"2025-08-09","3000.57","111518.57","0.00","1292.49","70979.22","114519.14","114519.14","115811.63","115811.63","72271.59","-5.39","17.3486","-5.39","17.3486"
"2025-08-10","3005.93","111518.57","0.00","1301.52","70974.87","114524.50","114524.50","115826.02","115826.02","72276.26","5.36","10.8100","5.36","10.8100"
"2025-08-11","2006.66","112621.24","0.00","1262.11","70962.22","114627.90","114627.90","115890.00","115890.00","72224.33","103.40","23.4714","103.40","23.4714"
"2025-08-12","2096.59","112621.24","0.00","1284.81","70961.47","114717.83","114717.83","116002.64","116002.64","72246.28","89.93","35.4114","89.93","35.4114"
"2025-08-13","2093.99","112621.24","0.00","1277.70","70971.20","114715.23","114715.23","115992.93","115992.93","72248.90","-2.60","31.4443","-2.60","31.4443"
"2025-08-14","2125.55","112621.24","0.00","1296.25","70950.91","114746.79","114746.79","116043.04","116043.04","72247.16","31.56","32.3286","31.56","32.3286"
"2025-08-15","2173.24","112621.24","0.00","1287.25","70947.63","114794.48","114794.48","116081.72","116081.72","72234.88","47.69","38.5643","47.69","38.5643"
"2025-08-16","2144.59","112621.24","0.00","1278.90","70976.13","114765.83","114765.83","116044.73","116044.73","72255.03","-28.65","35.2414","-28.65","35.2414"
"2025-08-17","2144.10","112621.24","0.00","1282.24","70972.26","114765.34","114765.34","116047.58","116047.58","72254.51","-0.49","34.4057","-0.49","34.4057"
"2025-08-18","2175.94","112621.24","0.00","1256.58","70999.40","114797.18","114797.18","116053.75","116053.75","72255.97","31.84","24.1829","31.84","24.1829"
"2025-08-19","2200.53","112601.19","0.00","1262.99","71002.04","114801.72","114801.72","116064.71","116064.71","72265.03","4.54","11.9843","4.54","11.9843"
"2025-08-20","2269.40","112601.19","0.00","1252.85","70992.53","114870.59","114870.59","116123.20","116123.20","72245.38","68.87","22.1943","68.87","22.1943"
"2025-08-21","2252.47","112601.19","0.00","1266.35","70996.75","114853.66","114853.66","116120.01","116120.01","72263.11","-16.93","15.2671","-16.93","15.2671"
"2025-08-22","2251.52","112601.19","0.00","1264.86","70997.22","114852.71","114852.71","116117.57","116117.57","72262.07","-0.95","8.3186","-0.95","8.3186"
"2025-08-23","2259.63","112601.19","0.00","1267.45","70995.18","114860.82","114860.82","116128.27","116128.27","72262.63","8.11","13.5700","8.11","13.5700"
"2025-08-24","2293.99","112560.48","0.00","1282.64","71001.55","114854.47","114854.47","116137.11","116137.11","72284.19","-6.35","12.7329","-6.35","12.7329"
"2025-08-25","2309.66","112560.48","0.00","1238.35","71013.44","114870.14","114870.14","116108.48","116108.48","72251.79","15.67","10.4229","15.67","10.4229"
"2025-08-26","2305.43","112560.48","0.00","1311.13","70988.84","114865.91","114865.91","116177.03","116177.03","72299.97","-4.23","9.1700","-4.23","9.1700"
"2025-08-27","2324.84","112560.48","0.00","1337.62","70968.73","114885.32","114885.32","116222.94","116222.94","72306.35","19.41","2.1043","19.41","2.1043"
"2025-08-28","2331.18","112560.48","0.00","1373.01","70933.28","114891.66","114891.66","116264.67","116264.67","72306.29","6.34","5.4286","6.34","5.4286"
"2025-08-29","2333.39","112560.48","0.00","1325.21","70933.54","114893.87","114893.87","116219.07","116219.07","72258.75","2.21","5.8800","2.21","5.8800"
"2025-08-30","2331.07","112560.48","0.00","1336.66","70931.47","114891.55","114891.55","116228.19","116228.19","72268.13","-2.32","4.3900","-2.32","4.3900"
"2025-08-31","2336.73","112560.48","0.00","1330.96","70928.76","114897.21","114897.21","116228.16","116228.16","72259.71","5.66","6.1057","5.66","6.1057"
"2025-09-01","2364.82","112590.51","0.00","1241.88","70885.44","114955.33","114955.33","116197.19","116197.19","72127.31","58.12","12.1700","58.12","12.1700"
"2025-09-02","2363.27","112590.51","0.00","1248.38","70880.73","114953.78","114953.78","116202.15","116202.15","72129.11","-1.55","12.5529","-1.55","12.5529"
"2025-09-03","2437.70","112509.95","0.00","1251.16","70883.44","114947.66","114947.66","116198.81","116198.81","72134.60","-6.12","8.9057","-6.12","8.9057"
"2025-09-04","2444.47","112508.25","0.00","1355.95","70892.35","114952.71","114952.71","116308.66","116308.66","72248.29","5.05","8.7214","5.05","8.7214"
"2025-09-05","2450.02","112506.70","0.00","1379.09","70898.25","114956.72","114956.72","116335.79","116335.79","72277.34","4.01","8.9786","4.01","8.9786"
"2025-09-06","2461.46","112506.70","0.00","1387.87","70878.03","114968.16","114968.16","116356.02","116356.02","72265.90","11.44","10.9443","11.44","10.9443"
"2025-09-07","2445.62","112506.70","0.00","1365.39","70912.58","114952.32","114952.32","116317.70","116317.70","72277.97","-15.84","7.8729","-15.84","7.8729"
"2025-09-08","2444.09","112506.70","0.00","1282.02","70906.76","114950.78","114950.78","116232.80","116232.80","72188.78","-1.54","-0.6500","-1.54","-0.6500"
"2025-09-09","2445.64","112506.70","0.00","1286.79","70894.98","114952.34","114952.34","116239.12","116239.12","72181.74","1.56","-0.2057","1.56","-0.2057"
"2025-09-10","2447.36","112506.70","0.00","1308.60","70875.41","114954.06","114954.06","116262.65","116262.65","72183.99","1.72","0.9143","1.72","0.9143"
"2025-09-11","2495.39","112506.70","0.00","1315.47","70855.76","115002.08","115002.08","116317.54","116317.54","72171.21","48.02","7.0529","48.02","7.0529"
"2025-09-12","2522.70","112506.70","0.00","1475.07","70843.15","115029.40","115029.40","116504.46","116504.46","72318.20","27.32","10.3829","27.32","10.3829"
"2025-09-13","2534.95","112506.70","0.00","1509.84","70815.43","115041.65","115041.65","116551.48","116551.48","72325.26","12.25","10.4986","12.25","10.4986"
"2025-09-14","2545.19","112506.70","0.00","1534.95","70809.82","115051.88","115051.88","116586.83","116586.83","72344.76","10.23","14.2229","10.23","14.2229"
"2025-09-15","2559.38","112506.70","0.00","1552.78","70803.45","115066.07","115066.07","116618.85","116618.85","72356.21","14.19","16.4700","14.19","16.4700"
"2025-09-16","2602.60","112506.70","0.00","1541.51","70789.75","115109.30","115109.30","116650.81","116650.81","72331.24","43.23","22.4229","43.23","22.4229"
"2025-09-17","2603.19","112506.70","0.00","1559.21","70779.04","115109.88","115109.88","116669.07","116669.07","72338.23","0.58","22.2600","0.58","22.2600"
"2025-09-18","2603.53","112506.70","0.00","1577.93","70772.72","115110.23","115110.23","116688.16","116688.16","72350.58","0.35","15.4500","0.35","15.4500"
"2025-09-19","2625.99","112506.70","0.00","1571.96","70762.75","115132.68","115132.68","116704.63","116704.63","72334.69","22.45","14.7543","22.45","14.7543"
"2025-09-20","2631.07","112506.70","0.00","1564.10","70771.19","115137.77","115137.77","116701.86","116701.86","72335.29","5.09","13.7314","5.09","13.7314"
"2025-09-21","2644.94","112506.70","0.00","1556.64","70770.82","115151.64","115151.64","116708.27","116708.27","72327.45","13.87","14.2514","13.87","14.2514"
"2025-09-22","2667.12","112506.70","0.00","1558.91","70760.82","115173.82","115173.82","116732.72","116732.72","72319.72","22.18","15.3929","22.18","15.3929"
"2025-09-23","2671.00","112506.70","0.00","1541.36","70778.67","115177.70","115177.70","116719.05","116719.05","72320.03","3.88","9.7714","3.88","9.7714"
"2025-09-24","2674.48","112506.70","0.00","1525.62","70783.45","115181.17","115181.17","116706.79","116706.79","72309.07","3.47","10.1843","3.47","10.1843"
"2025-09-25","2678.12","112506.70","0.00","1502.75","70784.96","115184.81","115184.81","116687.55","116687.55","72287.70","3.64","10.6543","3.64","10.6543"
"2025-09-26","2740.44","112444.42","0.00","1545.35","70766.02","115184.86","115184.86","116730.20","116730.20","72311.37","0.05","7.4543","0.05","7.4543"
"2025-09-27","2734.40","112444.42","0.00","1539.41","70774.50","115178.82","115178.82","116718.23","116718.23","72313.91","-6.04","5.8643","-6.04","5.8643"
"2025-09-28","2738.14","112444.42","0.00","1539.23","70774.20","115182.56","115182.56","116721.79","116721.79","72313.43","3.74","4.4171","3.74","4.4171"
"2025-09-29","2776.10","112444.45","0.00","1523.91","70770.46","115220.56","115220.56","116744.47","116744.47","72294.36","38.00","6.6771","38.00","6.6771"
"2025-09-30","2783.38","112444.45","0.00","1514.51","70772.02","115227.83","115227.83","116742.34","116742.34","72286.51","7.27","7.1614","7.27","7.1614"
"2025-10-01","2786.55","112444.45","0.00","1555.47","70745.73","115231.00","115231.00","116786.47","116786.47","72301.19","3.17","7.1186","3.17","7.1186"
"2025-10-02","2801.27","112444.46","0.00","1543.79","70744.82","115245.72","115245.72","116789.51","116789.51","72288.60","14.72","8.7014","14.72","8.7014"
"2025-10-03","2801.26","112444.46","0.00","1550.99","70746.47","115245.71","115245.71","116796.70","116796.70","72297.44","-0.01","8.6929","-0.01","8.6929"
"2025-10-04","2822.32","112444.46","0.00","1549.05","70736.64","115266.77","115266.77","116815.82","116815.82","72285.68","21.06","12.5643","21.06","12.5643"
"2025-10-05","2824.89","112444.46","0.00","1552.45","70731.65","115269.35","115269.35","116821.80","116821.80","72284.09","2.58","12.3986","2.58","12.3986"
"2025-10-06","2853.41","112444.46","0.00","1534.89","70731.61","115297.86","115297.86","116832.75","116832.75","72265.44","28.51","11.0429","28.51","11.0429"
"2025-10-07","2878.83","112444.46","0.00","1513.14","70744.15","115323.29","115323.29","116836.43","116836.43","72257.28","25.43","13.6371","25.43","13.6371"
"2025-10-08","2883.42","112444.46","0.00","1521.40","70755.54","115327.87","115327.87","116849.27","116849.27","72276.94","4.58","13.8386","4.58","13.8386"
"2025-10-09","2894.05","112444.46","0.00","1523.01","70766.77","115338.51","115338.51","116861.51","116861.51","72289.77","10.64","13.2557","10.64","13.2557"
"2025-10-10","2903.51","112444.46","0.00","1520.34","70757.71","115347.97","115347.97","116868.30","116868.30","72278.05","9.46","14.6086","9.46","14.6086"
"2025-10-11","2911.92","112444.46","0.00","1540.84","70754.04","115356.37","115356.37","116897.21","116897.21","72294.88","8.40","12.8000","8.40","12.8000"
"2025-10-12","2910.55","112444.46","0.00","1538.76","70756.47","115355.00","115355.00","116893.76","116893.76","72295.23","-1.37","12.2357","-1.37","12.2357"
"2025-10-13","2918.22","112437.56","0.00","1553.04","70721.11","115355.78","115355.78","116908.82","116908.82","72274.15","0.78","8.2743","0.78","8.2743"
"2025-10-14","2919.37","112437.56","0.00","1600.59","70705.49","115356.93","115356.93","116957.52","116957.52","72306.08","1.15","4.8057","1.15","4.8057"
"2025-10-15","2922.44","112437.56","0.00","1613.40","70693.73","115360.00","115360.00","116973.40","116973.40","72307.14","3.07","4.5900","3.07","4.5900"
"2025-10-16","2928.39","112437.56","0.00","1616.78","70688.64","115365.95","115365.95","116982.73","116982.73","72305.42","5.95","3.9200","5.95","3.9200"
"2025-10-17","2939.42","112437.56","0.00","1628.58","70682.98","115376.98","115376.98","117005.55","117005.55","72311.56","11.03","4.1443","11.03","4.1443"
"2025-10-18","3014.64","112437.56","0.00","1560.95","70682.28","115452.20","115452.20","117013.15","117013.15","72243.23","75.22","13.6900","75.22","13.6900"
"2025-10-19","3032.91","112437.56","0.00","1553.75","70670.26","115470.47","115470.47","117024.21","117024.21","72224.00","18.27","16.4957","18.27","16.4957"
"2025-10-20","3036.09","112437.56","0.00","1592.97","70653.90","115473.65","115473.65","117066.62","117066.62","72246.87","3.18","16.8386","3.18","16.8386"
"2025-10-21","3043.77","112437.56","0.00","1649.20","70629.15","115481.33","115481.33","117130.44","117130.44","72278.35","7.68","17.7714","7.68","17.7714"
"2025-10-22","3043.34","112437.56","0.00","1660.99","70638.51","115480.90","115480.90","117141.81","117141.81","72299.51","-0.43","17.2714","-0.43","17.2714"
"2025-10-23","3047.25","112437.56","0.00","1676.07","70633.77","115484.81","115484.81","117160.80","117160.80","72309.84","3.91","16.9800","3.91","16.9800"
"2025-10-24","3044.77","112437.56","0.00","1665.48","70652.90","115482.32","115482.32","117147.72","117147.72","72318.38","-2.49","15.0486","-2.49","15.0486"
"2025-10-25","3048.59","112437.56","0.00","1623.68","70654.29","115486.15","115486.15","117109.83","117109.83","72277.97","3.83","4.8500","3.83","4.8500"
"2025-10-26","3049.89","112437.56","0.00","1636.87","70643.71","115487.45","115487.45","117124.31","117124.31","72280.58","1.30","2.4257","1.30","2.4257"
"2025-10-27","3052.07","112437.56","0.00","1622.54","70665.27","115489.63","115489.63","117112.17","117112.17","72287.81","2.18","2.2829","2.18","2.2829"
"2025-10-28","3057.61","112437.56","0.00","1637.51","70646.04","115495.17","115495.17","117132.68","117132.68","72283.55","5.54","1.9771","5.54","1.9771"
"2025-10-29","3065.15","112437.56","0.00","1641.39","70640.72","115502.71","115502.71","117144.10","117144.10","72282.10","7.54","3.1157","7.54","3.1157"
"2025-10-30","3063.78","112437.56","0.00","1681.36","70629.19","115501.34","115501.34","117182.70","117182.70","72310.54","-1.37","2.3614","-1.37","2.3614"
"2025-10-31","3087.89","112413.92","0.00","1693.92","70635.80","115501.80","115501.80","117195.72","117195.72","72329.72","0.46","2.7829","0.46","2.7829"
"2025-11-01","3093.46","112413.92","0.00","1697.78","70626.25","115507.38","115507.38","117205.16","117205.16","72324.02","5.58","3.0329","5.58","3.0329"
"2025-11-02","3070.83","112413.92","0.00","1690.81","70652.95","115484.74","115484.74","117175.55","117175.55","72343.76","-22.64","-0.3871","-22.64","-0.3871"
"2025-11-03","3072.77","112413.92","0.00","1741.90","70613.85","115486.68","115486.68","117228.58","117228.58","72355.75","1.94","-0.4214","1.94","-0.4214"
"2025-11-04","3075.55","112413.92","0.00","1742.38","70616.34","115489.47","115489.47","117231.85","117231.85","72358.72","2.79","-0.8143","2.79","-0.8143"
"2025-11-05","3075.75","112413.92","0.00","1742.42","70612.63","115489.66","115489.66","117232.08","117232.08","72355.05","0.19","-1.8643","0.19","-1.8643"
"2025-11-06","3074.55","112413.92","37.61","1745.15","70594.69","115488.46","115526.07","117233.61","117271.22","72339.84","-1.20","-1.8400","36.41","3.5329"
"2025-11-07","3109.02","112413.92","37.43","1739.31","70589.55","115522.94","115560.37","117262.25","117299.68","72324.95","34.48","3.0200","34.30","8.3671"
"2025-11-08","3107.79","112413.92","37.60","1771.53","70585.55","115521.70","115559.30","117293.24","117330.83","72357.08","-1.24","2.0457","-1.07","7.4171"
"2025-11-09","3145.60","112396.60","37.74","1751.54","70585.62","115542.19","115579.93","117293.73","117331.47","72337.16","20.49","8.2071","20.63","13.5986"
"2025-11-10","3153.75","112396.60","45.03","1778.55","70576.18","115550.35","115595.38","117328.89","117373.93","72354.73","8.16","9.0957","15.45","15.5286"
"2025-11-11","3171.10","112396.60","57.48","1797.35","70567.04","115567.69","115625.18","117365.01","117422.49","72364.38","17.34","11.1743","29.80","19.3871"
"2025-11-12","3174.43","112396.60","55.14","1805.73","70567.94","115571.02","115626.16","117376.74","117431.88","72373.66","3.33","11.6229","0.98","19.5000"
"2025-11-13","3249.47","112396.60","54.84","1856.63","70537.48","115646.06","115700.90","117502.68","117557.52","72394.11","75.04","22.5143","74.74","24.9757"
"2025-11-14","3248.88","112396.60","73.20","1849.72","70540.01","115645.48","115718.68","117495.19","117568.40","72389.72","-0.58","17.5057","17.78","22.6157"
"2025-11-15","3260.38","112396.60","0.40","1856.95","70539.43","115656.97","115657.37","117513.91","117514.32","72396.38","11.49","19.3243","-61.31","14.0100"
"2025-11-16","3279.90","112396.60","68.61","1862.09","70535.82","115676.49","115745.11","117538.58","117607.19","72397.91","19.52","19.1857","87.74","23.5971"
"2025-11-17","3275.61","112396.60","77.91","1898.21","70520.60","115672.20","115750.11","117570.41","117648.31","72418.81","-4.29","17.4071","5.00","22.1043"
"2025-11-18","3267.73","112396.60","78.25","1914.69","70530.71","115664.33","115742.58","117579.01","117657.26","72445.40","-7.87","13.8057","-7.53","16.7714"
"2025-11-19","3268.99","112376.85","78.47","1925.56","70530.00","115645.83","115724.30","117571.39","117649.85","72455.56","-18.50","10.6871","-18.28","14.0200"
"2025-11-20","3271.07","112376.85","81.47","1942.89","70518.97","115647.91","115729.38","117590.80","117672.27","72461.86","2.08","0.2643","5.08","4.0686"
"2025-11-21","3274.44","112376.85","84.39","1983.09","70492.12","115651.29","115735.68","117634.38","117718.77","72475.21","3.38","0.8300","6.30","2.4286"
"2025-11-22","3277.52","112376.85","88.23","2037.76","70458.93","115654.37","115742.60","117692.12","117780.35","72496.69","3.08","-0.3714","6.92","12.1757"
"2025-11-23","3280.98","112376.85","88.89","2088.35","70440.28","115657.82","115746.71","117746.16","117835.06","72528.63","3.45","-2.6671","4.11","0.2286"
"2025-11-24","3600.47","112376.85","98.90","1809.73","70422.99","115977.32","116076.22","117787.04","117885.95","72232.71","319.50","43.5886","329.51","46.5871"
"2025-11-25","3639.39","112376.85","93.91","1794.56","70416.52","116016.24","116110.15","117810.80","117904.71","72211.08","38.92","50.2729","33.93","52.5100"
"2025-11-26","3688.46","112376.85","114.47","1762.81","70411.53","116065.31","116179.78","117828.11","117942.58","72174.34","49.07","59.9257","69.63","65.0686"
"2025-11-27","3687.75","112376.85","114.95","1782.22","70401.51","116064.59","116179.55","117846.81","117961.77","72183.74","-0.72","59.5257","-0.23","64.3100"
"2025-11-28","3700.68","112376.85","116.02","1780.33","70401.18","116077.52","116193.54","117857.85","117973.87","72181.51","12.93","60.8900","13.99","65.4086"
"2025-11-29","3702.94","112376.85","116.43","1795.97","70389.91","116079.79","116196.22","117875.75","117992.18","72185.87","2.27","60.7743","2.68","64.8029"
"2025-11-30","3700.61","112376.85","128.18","1815.85","70379.20","116077.45","116205.63","117893.30","118021.48","72195.05","-2.34","59.9471","9.41","65.5600"
"2025-12-01","3797.21","112376.85","128.10","1741.78","70382.51","116174.06","116292.53","117915.83","118034.31","72124.29","96.61","28.1057","86.90","30.9014"
"2025-12-02","3893.89","112376.85","122.56","1657.34","70383.09","116270.74","116393.30","117928.07","118050.63","72040.43","96.68","36.3571","100.77","40.4500"
"2025-12-03","3481.37","112782.63","121.40","1628.79","70397.75","116264.00","116385.40","117892.79","118014.19","72026.54","-6.74","28.3843","-7.90","29.3743"
"2025-12-04","3572.71","112782.63","124.23","1532.35","70401.19","116355.34","116479.57","117887.69","118011.92","71933.54","91.34","41.5357","94.17","42.8600"
"2025-12-05","3572.71","112782.63","124.23","1532.35","70417.43","116355.34","116479.57","117887.69","118011.92","71949.66","0.00","39.6886","0.00","40.8614"
"2025-12-06","3596.10","112782.63","131.68","1485.43","70412.81","116378.73","116510.41","117864.16","117995.83","71898.24","23.39","42.7057","30.84","44.8843"
"2025-12-07","3596.17","112782.63","133.82","1596.48","70391.33","116378.81","116512.62","117975.28","118109.09","71987.80","0.08","43.0514","2.21","43.8557"
"2025-12-08","3600.39","112782.63","133.06","1635.13","70380.24","116383.02","116516.08","118018.15","118151.20","72015.37","4.21","29.8514","3.46","31.9357"
"2025-12-09","3598.12","112782.63","130.88","1630.84","70394.46","116380.75","116511.64","118011.59","118142.47","72025.30","-2.27","15.7157","-4.44","16.9057"
"2025-12-10","3603.26","112782.63","132.69","1630.45","70394.76","116385.89","116518.57","118016.34","118149.02","72025.22","5.14","17.4129","6.93","19.0243"
"2025-12-11","3617.16","112782.63","131.58","1620.29","70391.62","116399.79","116531.38","118020.08","118151.65","72011.56","13.90","6.3500","12.81","7.4014"
"2025-12-12","3612.32","112782.63","124.77","1559.07","70447.99","116394.95","116519.72","117954.02","118078.78","72006.71","-4.84","5.6586","-11.66","5.7357"
"2025-12-13","3612.77","112782.63","125.12","1581.95","70445.28","116395.38","116520.50","117977.33","118102.44","72026.88","0.43","2.3786","0.78","1.4414"
"2025-12-14","3619.98","112782.63","124.86","1613.36","70444.94","116402.59","116527.45","118015.94","118140.77","72058.30","7.21","3.3971","6.95","2.1186"
"2025-12-15","3619.95","112782.63","127.65","1630.11","70438.11","116402.56","116530.21","118032.66","118160.27","72068.22","-0.03","2.7914","2.76","2.0186"
"2025-12-16","3621.28","112782.63","127.25","1646.17","70430.59","116403.90","116531.15","118050.05","118177.26","72076.76","1.34","3.3071","0.94","2.7871"
"2025-12-17","3682.23","112782.63","115.95","1601.53","70430.35","116464.85","116580.80","118066.36","118182.27","72031.87","60.95","11.2800","49.65","8.8900"
"2025-12-18","3685.15","112782.63","113.74","1603.64","70433.17","116467.77","116581.50","118071.40","118185.09","72036.81","2.92","9.7114","0.70","7.1600"
"2025-12-19","3688.47","112782.63","112.23","1619.49","70429.33","116471.08","116583.31","118090.56","118202.75","72048.81","3.31","10.8757","1.81","9.0843"
"2025-12-20","3709.13","112782.63","111.59","1594.12","70420.27","116491.74","116603.33","118085.85","118197.41","72014.39","20.66","13.7657","20.02","11.8329"
"2025-12-21","3799.54","112782.63","81.24","1549.06","70418.07","116582.15","116663.39","118131.20","118212.40","71967.13","90.41","25.6514","60.06","19.4200"
"2025-12-22","3800.95","112782.63","81.20","1566.48","70415.08","116583.57","116664.77","118148.11","118229.27","71981.56","1.42","25.8586","1.38","19.2229"
"2025-12-23","3654.14","112935.80","83.00","1595.45","70414.03","116589.93","116672.93","118185.37","118268.33","72009.45","6.36","26.5757","8.16","20.2543"
"2025-12-24","3652.95","112935.80","89.29","1482.67","70527.73","116588.73","116678.02","118071.39","118160.67","72008.22","-1.20","17.6971","5.09","13.8886"
"2025-12-25","3635.77","112935.80","91.59","1505.45","70547.53","116571.55","116663.14","118077.00","118168.58","72052.98","-17.18","14.8257","-14.88","11.6629"
"2025-12-26","3642.01","112935.80","93.36","1535.65","70547.24","116577.80","116671.16","118113.43","118206.79","72082.88","6.25","15.2457","8.02","12.5500"
"2025-12-27","3652.50","112935.80","84.49","1546.13","70541.54","116588.29","116672.78","118134.41","118218.90","72087.67","10.49","13.7929","1.62","9.9214"
"2025-12-28","3361.71","113262.13","70.62","1549.59","70531.07","116623.82","116694.44","118173.40","118244.02","72080.66","35.53","5.9529","21.66","4.4357"
"2025-12-29","3333.02","113262.13","70.45","1536.62","70557.46","116595.13","116665.58","118131.74","118202.19","72094.08","-28.69","1.6514","-28.86","0.1157"
"2025-12-30","3333.00","113262.13","70.72","1545.48","70554.00","116595.11","116665.83","118140.58","118211.30","72099.47","-0.02","0.7400","0.25","-1.0143"
"2025-12-31","3334.74","113262.13","70.81","1540.85","70551.16","116596.85","116667.66","118137.68","118208.49","72092.00","1.74","1.1600","1.83","-1.4800"
"2026-01-01","3335.91","113262.13","71.52","1551.41","70550.94","116598.02","116669.54","118149.42","118220.93","72102.00","1.17","3.7814","1.88","0.9143"
"2026-01-02","3345.75","113262.13","71.26","1541.83","70550.59","116607.86","116679.12","118149.68","118220.93","72092.42","9.84","4.2943","9.58","1.1371"
"2026-01-03","3346.61","113262.13","72.94","1544.73","70550.59","116608.72","116681.66","118153.45","118226.38","72095.33","0.86","2.9186","2.54","1.2686"
"2026-01-04","3346.99","113262.13","71.95","1597.74","70506.05","116609.11","116681.06","118206.84","118278.79","72103.78","0.39","-2.1014","-0.60","-1.9114"
"2026-01-05","3344.47","113262.13","72.29","1611.59","70498.89","116606.58","116678.88","118218.17","118290.46","72110.48","-2.53","1.6357","-2.18","1.9000"
"2026-01-06","3360.46","113262.13","72.23","1635.81","70471.84","116622.58","116694.80","118258.38","118330.60","72107.65","16.00","3.9243","15.92","4.1386"
"2026-01-07","3364.50","113262.13","71.49","1637.78","70490.45","116626.61","116698.10","118264.39","118335.88","72128.23","4.03","4.2514","3.30","4.3486"
"2026-01-08","3378.89","113262.13","81.08","1672.81","70478.17","116641.00","116722.08","118313.80","118394.88","72150.97","14.39","6.1400","23.98","7.5057"
"2026-01-09","3384.94","113262.13","84.35","1682.60","70470.22","116647.05","116731.40","118329.64","118413.99","72152.82","6.05","5.5986","9.32","7.4686"
"2026-01-10","3384.89","113262.13","86.78","1749.22","70437.95","116647.00","116733.79","118396.22","118483.00","72187.16","-0.05","5.4686","2.39","7.4471"
"2026-01-11","3387.02","113262.13","89.83","1747.76","70437.79","116649.13","116738.96","118396.88","118486.71","72185.54","2.13","5.7171","5.17","8.2714"
"2026-01-12","3387.02","113262.13","89.83","1776.24","70431.92","116649.13","116738.96","118425.36","118515.19","72208.15","0.00","6.0786","0.00","8.5829"
"2026-01-13","3395.45","113262.13","83.90","1722.92","70483.30","116657.57","116741.47","118380.48","118464.37","72206.21","8.44","4.9986","2.51","6.6671"
"2026-01-14","3395.45","113262.13","87.00","1745.90","70473.82","116657.57","116744.57","118403.46","118490.46","72219.72","0.00","4.4229","3.10","6.6386"
"2026-01-15","3395.62","113262.13","90.92","1754.99","70468.25","116657.74","116748.65","118412.72","118503.63","72223.23","0.17","2.3914","4.08","3.7957"
"2026-01-16","3426.21","113262.13","86.63","1710.90","70486.16","116688.32","116774.94","118399.21","118485.83","72197.06","30.58","5.8957","26.29","6.2200"
"2026-01-17","3425.67","113262.13","86.78","1722.54","70477.01","116687.78","116774.57","118410.32","118497.10","72199.54","-0.54","5.8257","-0.37","5.8257"
"2026-01-18","3426.77","113262.13","89.09","1754.87","70471.97","116688.88","116777.97","118443.74","118532.83","72226.80","1.10","5.6786","3.40","5.5729"
"2026-01-19","3481.60","113262.13","92.15","1706.45","70462.24","116743.72","116835.86","118450.16","118542.30","72168.69","54.84","13.5129","57.89","13.8429"
"2026-01-20","3488.86","113262.13","91.65","1714.22","70452.57","116750.97","116842.63","118465.19","118556.84","72166.79","7.25","13.3429","6.77","14.4514"
"2026-01-21","3489.54","113262.13","91.99","1720.47","70448.58","116751.66","116843.64","118472.12","118564.11","72169.04","0.69","13.4414","1.01","14.1529"
"2026-01-22","3490.11","113262.13","92.13","1731.46","70437.55","116752.23","116844.36","118483.68","118575.81","72169.01","0.57","13.4986","0.72","13.6729"
"2026-01-23","3511.28","113262.13","92.35","1762.69","70396.63","116773.39","116865.74","118536.07","118628.42","72159.32","21.16","12.1529","21.38","12.9714"
"2026-01-24","3511.99","113262.13","92.84","1769.19","70396.63","116774.10","116866.94","118543.28","118636.12","72164.78","0.71","12.3314","1.20","13.1957"
"2026-01-25","3514.01","113262.13","95.84","1763.35","70394.05","116776.13","116871.96","118539.47","118635.31","72157.40","2.03","12.4643","5.02","13.4271"
"2026-01-26","3597.20","113264.53","86.15","1682.58","70396.06","116861.72","116947.87","118544.30","118630.45","72078.63","85.59","16.8571","75.91","16.0014"
"2026-01-27","3570.67","113262.13","95.17","1710.27","70383.41","116832.79","116927.96","118543.04","118638.21","72093.66","-28.93","11.6886","-19.91","12.1900"
"2026-01-28","3603.24","113262.13","97.12","1706.99","70380.49","116865.35","116962.47","118572.33","118669.45","72087.46","32.56","16.2414","34.51","16.9757"
"2026-01-29","3603.89","113262.13","97.20","1717.19","70369.65","116866.00","116963.20","118583.18","118680.38","72086.83","0.65","16.2529","0.73","16.9771"
"2026-01-30","3644.07","113262.13","110.58","1690.31","70366.61","116906.18","117016.76","118596.48","118707.05","72056.91","40.18","18.9700","53.56","21.5743"
"2026-01-31","3653.25","113262.13","115.69","1703.03","70330.47","116915.36","117031.06","118618.38","118734.07","72033.48","9.18","20.1800","14.30","23.4457"
"2026-02-01","3653.11","113262.13","116.03","1708.34","70326.27","116915.22","117031.25","118623.56","118739.58","72034.60","-0.14","19.8700","0.19","22.7557"
"2026-02-02","3661.09","113262.13","117.64","1742.57","70298.46","116923.20","117040.84","118665.77","118783.40","72041.02","7.98","8.7829","9.59","13.2814"
"2026-02-03","3677.05","113262.13","118.97","1755.24","70276.39","116939.16","117058.13","118694.39","118813.35","72031.62","15.96","15.1957","17.29","18.5957"
"2026-02-04","3762.01","113262.13","108.06","1714.67","70257.99","117024.13","117132.19","118738.78","118846.83","71972.65","84.97","22.6829","74.06","24.2457"
"2026-02-05","3762.25","113262.13","108.02","1742.81","70235.42","117024.36","117132.39","118767.16","118875.17","71978.22","0.23","22.6229","0.20","24.1700"
"2026-02-06","3778.04","113262.13","105.13","1753.42","70225.79","117040.15","117145.28","118793.55","118898.67","71979.20","15.79","19.1386","12.89","18.3600"
"2026-02-07","3781.94","113262.13","105.26","1746.42","70231.04","117044.05","117149.31","118790.45","118895.70","71977.45","3.90","18.3843","4.03","16.8929"
"2026-02-08","3781.77","113262.13","105.22","1748.78","70226.32","117043.88","117149.10","118792.65","118897.86","71975.10","-0.17","18.3800","-0.21","16.8357"
"2026-02-09","3855.50","113262.13","99.73","1712.63","70223.29","117117.61","117217.34","118830.24","118929.96","71935.91","73.73","27.7729","68.24","25.2143"
"2026-02-10","3867.59","113262.13","98.71","1700.82","70222.79","117129.70","117228.41","118830.51","118929.21","71923.60","12.09","27.2200","11.07","24.3257"
"2026-02-11","3869.14","113262.13","119.85","1662.87","70233.37","117131.25","117251.10","118794.11","118913.96","71896.23","1.55","15.3029","22.69","16.9871"
"2026-02-12","3836.17","113262.13","151.85","1645.31","70235.12","117098.28","117250.12","118743.58","118895.42","71880.43","-32.97","10.5600","-0.98","16.8186"
"2026-02-13","3852.43","113262.13","138.60","1619.28","70243.55","117114.54","117253.15","118733.82","118872.41","71862.82","16.26","10.6271","3.03","15.4100"
"2026-02-14","3856.49","113262.13","135.01","1572.82","70250.97","117118.60","117253.62","118691.42","118826.42","71823.79","4.06","10.6500","0.47","14.9014"
"2026-02-15","3864.90","113192.38","131.12","1571.89","70325.49","117057.27","117188.38","118629.15","118760.26","71897.37","-61.33","1.9129","-65.24","5.6114"
"2026-02-16","3885.37","113192.38","132.84","1570.70","70314.58","117077.74","117210.58","118648.44","118781.27","71885.27","20.47","-5.6957","22.20","-0.9657"
"2026-02-17","3885.47","113192.38","133.79","1616.42","70285.20","117077.84","117211.63","118694.26","118828.04","71901.61","0.10","-7.4086","1.05","-2.3971"
"2026-02-18","3888.62","113192.38","134.19","1608.30","70280.09","117080.99","117215.19","118689.28","118823.47","71888.36","3.15","-7.1800","3.56","-5.1300"
"2026-02-19","3888.77","113192.38","134.19","1614.89","70273.35","117081.14","117215.33","118696.03","118830.21","71888.22","0.15","-2.4486","0.14","-4.9700"
"2026-02-20","3889.23","113192.38","137.76","1612.71","70276.43","117081.60","117219.36","118694.30","118832.05","71889.11","0.46","-4.7057","4.03","-4.8271"
"2026-02-21","3835.23","113192.38","138.85","1597.97","70330.96","117027.60","117166.44","118625.56","118764.40","71928.91","-54.00","-13.0000","-52.92","-12.4543"
"2026-02-22","3855.77","113192.38","138.45","1584.88","70330.91","117048.14","117186.58","118633.01","118771.44","71915.77","20.54","-1.3043","20.14","-0.2571"
"2026-02-23","3804.84","113192.38","125.67","1553.17","70405.95","116997.21","117122.88","118550.37","118676.03","71959.10","-50.93","-11.5043","-63.70","-12.5286"
"2026-02-24","3801.42","113192.38","130.00","1601.54","70404.92","116993.79","117123.79","118595.32","118725.32","72006.45","-3.42","-12.0071","0.91","-12.5486"
"2026-02-25","3822.85","113192.38","121.12","1591.97","70425.00","117015.21","117136.34","118607.18","118728.30","72016.94","21.42","-9.3971","12.55","-11.2643"
"2026-02-26","3831.78","113192.38","134.99","1631.29","70402.56","117024.15","117159.14","118655.43","118790.42","72033.82","8.94","-8.1414","22.80","-8.0271"
"2026-02-27","3815.23","113192.38","136.02","1617.90","70431.30","117007.60","117143.62","118625.48","118761.50","72049.17","-16.55","-10.5714","-15.52","-10.8200"
"2026-02-28","3845.73","113192.38","118.92","1587.33","70432.19","117038.10","117157.01","118625.42","118744.33","72019.49","30.50","1.5000","13.39","-1.3471"
"2026-03-01","3846.02","113192.38","118.26","1592.79","70432.50","117038.39","117156.65","118631.17","118749.42","72025.25","0.29","-1.3929","-0.36","-4.2757"
"2026-03-02","3867.29","113192.38","124.29","1588.43","70419.95","117059.66","117183.95","118648.08","118772.37","72008.35","21.27","8.9214","27.30","8.7243"
"2026-03-03","3867.63","113192.38","137.76","1598.75","70415.29","117060.00","117197.75","118658.74","118796.49","72014.01","0.34","9.4586","13.80","10.5657"
"2026-03-04","3870.19","113192.38","133.85","1579.71","70419.69","117062.56","117196.41","118642.26","118776.11","71998.85","2.56","6.7643","-1.34","8.5814"
"2026-03-05","3869.59","113192.38","136.37","1583.16","70416.65","117061.96","117198.34","118645.11","118781.48","71999.26","-0.60","5.4014","1.93","5.6000"
"2026-03-06","4016.16","113017.48","139.91","1583.79","70434.09","117033.62","117173.53","118617.40","118757.31","72017.34","-28.34","3.7171","-24.81","4.2729"
"2026-03-07","4016.16","113017.48","141.36","1596.07","70419.76","117033.62","117174.98","118629.68","118771.04","72015.29","0.00","-0.6400","1.45","2.5671"
"2026-03-08","4016.16","113017.48","161.22","1590.19","70411.59","117033.62","117194.84","118623.80","118785.01","72001.72","0.00","-0.6814","19.86","5.4557"
"2026-03-09","4016.14","113017.48","158.65","1578.42","70416.83","117033.60","117192.25","118612.02","118770.66","71995.20","-0.02","-3.7229","-2.59","1.1857"
"2026-03-10","3966.43","113017.48","174.31","1579.06","70452.21","116983.89","117158.21","118562.94","118737.25","72031.22","-49.71","-10.8729","-34.04","-5.6486"
"2026-03-11","3963.02","113017.48","176.44","1576.89","70455.12","116980.48","117156.92","118557.36","118733.80","72031.95","-3.41","-11.7257","-1.29","-5.6414"
"2026-03-12","3988.13","113010.81","180.89","1539.37","70461.56","116998.92","117179.80","118538.28","118719.17","72000.87","18.44","-9.0057","22.88","-2.6486"
"2026-03-13","3988.13","113010.81","180.84","1541.73","70459.10","116998.92","117179.76","118540.64","118721.48","72000.78","0.00","-4.9571","-0.04","0.8900"
"2026-03-14","3988.13","113010.81","180.91","1541.54","70459.27","116998.92","117179.82","118540.45","118721.35","72000.75","0.00","-4.9571","0.06","0.6914"
"2026-03-15","3987.65","113010.81","194.06","1541.12","70461.13","116998.44","117192.50","118539.56","118733.61","72002.20","-0.48","-5.0257","12.68","-0.3343"
"2026-03-16","3988.25","113010.81","193.93","1542.90","70470.21","116999.04","117192.97","118541.90","118735.83","72013.05","0.60","-4.9371","0.47","0.1029"
"2026-03-17","3978.57","113010.81","187.75","1538.06","70489.38","116989.36","117177.11","118527.38","118715.13","72027.39","-9.68","0.7814","-15.86","2.7000"
"2026-03-18","3979.95","113010.81","187.93","1572.47","70479.20","116990.74","117178.67","118563.18","118751.10","72051.61","1.38","1.4657","1.56","3.1071"
"2026-03-19","3979.95","113010.81","188.74","1580.40","70476.41","116990.74","117179.48","118571.11","118759.84","72056.76","0.00","-1.1686","0.81","-0.0457"
"2026-03-20","3991.97","112995.65","187.57","1570.35","70481.12","116987.61","117175.18","118557.92","118745.48","72051.42","-3.13","-1.6157","-4.30","-0.6543"
"2026-03-21","3996.51","112995.65","181.43","1572.23","70481.87","116992.14","117173.57","118564.34","118745.76","72054.05","4.53","-0.9686","-1.61","-0.8929"
"2026-03-22","3996.51","112995.65","181.39","1572.93","70481.91","116992.14","117173.53","118565.04","118746.42","72054.79","0.00","-0.9000","-0.04","-2.7100"
"2026-03-23","3996.36","112995.65","181.41","1585.78","70482.10","116991.99","117173.39","118577.73","118759.13","72067.83","-0.15","-1.0071","-0.14","-2.7971"
"2026-03-24","3988.30","112995.65","181.34","1567.99","70489.07","116983.93","117165.27","118551.89","118733.22","72057.01","-8.06","-0.7757","-8.12","-1.6914"
"2026-03-25","3987.76","112995.65","182.01","1580.32","70480.92","116983.39","117165.40","118563.68","118745.68","72061.19","-0.54","-1.0500","0.13","-1.8957"
"2026-03-26","4000.70","112995.65","139.51","1534.50","70484.31","116996.34","117135.85","118530.80","118670.31","72018.75","12.95","0.8000","-29.55","-6.2329"
"2026-03-27","4052.60","112995.65","141.48","1534.28","70480.77","117048.23","117189.71","118582.47","118723.94","72015.00","51.89","8.6600","53.86","2.0757"
"2026-03-28","4065.55","112995.65","128.02","1537.25","70479.03","117061.18","117189.20","118598.39","118726.41","72016.23","12.95","9.8629","-0.51","2.2329"
"2026-03-29","4068.50","112995.65","126.14","1548.33","70460.33","117064.13","117190.27","118612.43","118738.56","72008.61","2.95","10.2843","1.07","2.3914"
"2026-03-30","4066.68","112995.65","127.48","1551.76","70458.22","117062.31","117189.78","118614.03","118741.50","72009.93","-1.82","10.0457","-0.49","2.3414"
"2026-03-31","4065.50","112995.65","128.78","1564.05","70444.29","117061.13","117189.91","118625.14","118753.92","72008.29","-1.18","11.0286","0.13","3.5200"
"2026-04-01","4062.49","112995.65","150.49","1550.94","70442.56","117058.12","117208.61","118609.02","118759.51","71993.46","-3.01","10.6757","18.70","6.1729"
"2026-04-02","4059.98","112995.65","149.86","1550.39","70446.01","117055.61","117205.48","118605.97","118755.83","71996.36","-2.51","8.4671","-3.13","9.9471"
"2026-04-03","4059.98","112995.65","148.23","1548.30","70446.22","117055.61","117203.84","118603.88","118752.10","71994.47","0.00","1.0543","-1.64","2.0186"
"2026-04-04","4059.94","112995.65","148.27","1546.21","70446.58","117055.57","117203.84","118601.75","118750.01","71992.75","-0.04","-0.8014","0.00","2.0914"
"2026-04-05","4059.91","112995.65","148.79","1546.21","70446.61","117055.54","117204.33","118601.71","118750.50","71992.78","-0.03","-1.2271","0.49","2.0086"
"2026-04-06","4031.48","112995.65","181.43","1517.91","70474.11","117027.11","117208.54","118544.99","118726.42","71991.97","-28.43","-5.0286","4.21","2.6800"
"2026-04-07","4030.28","112995.65","182.49","1529.07","70474.29","117025.91","117208.40","118554.95","118737.44","72003.32","-1.20","-5.0314","-0.14","2.6414"
"2026-04-08","4029.86","112995.65","184.52","1525.83","70474.01","117025.49","117210.00","118551.28","118735.79","71999.78","-0.42","-4.6614","1.60","0.1986"
"2026-04-09","4029.86","112995.65","184.17","1509.99","70490.19","117025.49","117209.66","118535.45","118719.61","72000.13","0.00","-4.3029","-0.34","0.5971"
"2026-04-10","3999.17","112995.65","203.95","1509.68","70500.89","116994.80","117198.75","118504.45","118708.40","72010.52","-30.69","-8.6871","-10.91","-0.7271"
"2026-04-11","3997.64","112995.65","204.76","1516.05","70502.58","116993.27","117198.03","118509.28","118714.04","72018.58","-1.53","-8.9000","-0.72","-0.8300"
"2026-04-12","3998.09","112995.65","205.17","1515.67","70503.16","116993.72","117198.90","118509.36","118714.53","72018.77","0.45","-8.8314","0.87","-0.7757"
"2026-04-13","3997.27","112995.65","207.94","1524.32","70490.89","116992.91","117200.85","118517.19","118725.13","72015.16","-0.81","-4.8857","1.95","-1.0986"
"2026-04-14","3997.27","112995.65","208.84","1540.05","70475.13","116992.91","117201.74","118532.92","118741.76","72015.13","0.00","-4.7143","0.89","-0.9514"
"2026-04-15","3996.39","112995.65","209.04","1572.14","70443.63","116992.02","117201.06","118564.13","118773.17","72015.74","-0.89","-4.7814","-0.68","-1.2771"
"2026-04-16","3994.95","112995.65","211.34","1583.60","70431.17","116990.58","117201.92","118574.14","118785.48","72014.73","-1.44","-4.9871","0.86","-1.1057"
"2026-04-17","3992.66","112995.65","217.58","1587.63","70428.20","116988.29","117205.87","118575.88","118793.46","72015.78","-2.29","-0.9300","3.95","1.0171"
"2026-04-18","4001.92","112995.65","219.16","1578.08","70426.99","116997.56","117216.71","118575.60","118794.76","72005.04","9.27","0.6129","10.84","2.6686"
"2026-04-19","4001.92","112995.65","219.24","1598.69","70423.20","116997.56","117216.80","118596.21","118815.45","72021.85","0.00","0.5486","0.09","2.5571"
"2026-04-20","3982.99","112995.65","239.37","1481.86","70422.22","116978.62","117217.99","118460.45","118699.81","71904.04","-18.94","-2.0414","1.19","2.4486"
"2026-04-21","3982.98","112995.65","241.56","1545.85","70348.03","116978.61","117220.17","118524.42","118765.98","71893.82","-0.01","-2.0429","2.18","2.6329"
"2026-04-22","3982.33","112995.65","244.41","1584.61","70347.47","116977.96","117222.37","118562.54","118806.94","71932.02","-0.65","-2.0086","2.20","3.0443"
"2026-04-23","3981.95","112998.76","243.90","1608.82","70380.11","116980.70","117224.60","118589.48","118833.37","71988.87","2.74","-1.4114","2.23","3.2400"
"2026-04-24","3981.80","112998.76","243.95","1591.20","70374.51","116980.55","117224.50","118571.72","118815.66","71965.66","-0.15","-1.1057","-0.10","2.6614"
"2026-04-25","3984.39","112998.76","241.89","1599.42","70372.20","116983.14","117225.03","118582.52","118824.41","71971.56","2.59","-2.0600","0.53","1.1886"
"2026-04-26","3962.26","112998.76","269.74","1601.07","70366.91","116961.00","117230.75","118562.04","118831.78","71967.92","-22.14","-5.2229","5.72","1.9929"
"2026-04-27","3962.26","112998.76","269.79","1655.56","70362.21","116961.00","117230.80","118616.52","118886.31","72017.71","0.00","-2.5171","0.05","1.8300"
"2026-04-28","3962.23","112998.76","269.80","1694.24","70346.35","116960.97","117230.77","118655.18","118924.98","72040.54","-0.03","-2.5200","-0.03","1.5143"
"2026-04-29","3900.47","113045.60","271.98","1715.30","70330.26","116946.00","117217.98","118661.26","118933.23","72045.51","-14.97","-4.5657","-12.79","-0.6271"
"2026-04-30","3899.54","113045.60","273.07","1735.72","70312.80","116945.06","117218.13","118680.75","118953.80","72048.47","-0.94","-5.0914","0.15","-0.9243"
"2026-05-01","3899.54","113046.05","282.14","1771.78","70267.69","116945.56","117227.70","118717.30","118999.42","72039.41","0.50","-4.9986","9.57","0.4571"
"2026-05-02","3880.21","113046.05","302.13","1904.39","70235.31","116926.23","117228.37","118830.58","119132.70","72139.65","-19.33","-8.1300","0.67","0.4771"
"2026-05-03","3859.20","113046.05","301.84","1878.80","70244.05","116905.22","117207.06","118783.98","119085.80","72122.80","-21.01","-7.9686","-21.31","-3.3843"
"2026-05-04","3859.20","113046.05","302.28","1881.61","70242.18","116905.22","117207.50","118786.80","119089.06","72123.74","0.00","-7.9686","0.44","-3.3286"
"2026-05-05","3860.96","113046.05","305.42","1895.92","70240.15","116906.99","117212.41","118802.87","119108.27","72136.02","1.77","-7.7114","4.91","-2.6229"
"2026-05-06","3869.64","113046.05","299.62","1895.87","70232.64","116915.67","117215.28","118811.50","119111.10","72128.46","8.68","-4.3329","2.87","-0.3857"
"2026-05-07","3870.27","113046.05","298.79","1895.94","70235.47","116916.32","117215.11","118812.27","119111.06","72131.41","0.65","-4.1057","-0.17","-0.4314"
"2026-05-08","3856.78","113046.05","310.16","1895.35","70237.87","116902.83","117212.99","118798.18","119108.33","72133.22","-13.49","-6.1043","-2.12","-2.1014"
"2026-05-09","3865.03","113032.18","310.97","1881.08","70258.63","116897.21","117208.18","118778.29","119089.25","72139.70","-5.62","-4.1457","-4.81","-2.8843"
"2026-05-10","3865.46","113010.96","331.47","1878.70","70258.64","116876.43","117207.90","118755.13","119086.60","72137.34","-20.78","-4.1129","-0.28","0.1200"
"2026-05-11","3865.47","113010.96","331.83","1875.84","70260.82","116876.43","117208.27","118752.27","119084.11","72136.66","0.00","-4.1129","0.37","0.1100"
"2026-05-12","3865.45","113010.96","334.34","1875.77","70258.09","116876.41","117210.75","118752.19","119086.52","72133.86","-0.02","-4.3686","2.48","-0.2371"
"2026-05-13","3799.43","113010.96","390.97","1862.74","70278.43","116810.40","117201.37","118673.14","119064.11","72141.17","-66.01","-15.0386","-9.38","-1.9871"
"2026-05-14","3799.17","113010.96","391.04","1879.69","70269.07","116810.14","117201.17","118689.83","119080.86","72148.76","-0.26","-15.1686","-0.20","-1.9914"
"2026-05-15","3796.75","113010.96","393.06","1899.76","70251.83","116807.71","117200.77","118707.47","119100.41","72151.59","-2.43","-13.5886","-0.40","-1.7457"
"2026-05-16","3799.86","113007.85","393.27","1899.76","70252.52","116807.71","117200.98","118707.47","119100.62","72152.28","0.00","-12.7857","0.21","-1.0286"
"2026-05-17","3799.87","113007.85","393.90","1902.36","70252.52","116807.72","117201.61","118710.08","119103.86","72154.88","0.01","-9.8157","0.63","-0.8986"
"2026-05-18","3799.87","113007.85","391.98","1904.78","70251.90","116807.72","117199.70","118712.50","119104.49","72156.69","0.00","-9.8157","-1.91","-1.2243"
"2026-05-19","3791.95","113007.85","449.85","1848.98","70249.44","116799.80","117249.64","118648.78","119098.62","72098.42","-7.92","-10.9443","49.94","5.5557"
"2026-05-20","3806.65","113007.85","478.77","1692.62","70342.90","116814.50","117293.27","118507.13","118985.89","72035.52","14.70","0.5857","43.63","13.1286"
"2026-05-21","3806.65","113007.85","510.39","1678.95","70328.57","116814.50","117324.89","118493.45","119003.84","72007.52","0.00","0.6229","31.62","17.6743"
"2026-05-22","3795.41","113007.85","520.36","1652.57","70350.90","116803.26","117323.62","118455.83","118976.20","72003.47","-11.24","-0.6357","-1.27","17.5500"
"2026-05-23","3790.78","113007.85","521.63","1624.78","70383.88","116798.63","117320.27","118423.41","118945.04","72008.66","-4.63","-1.2971","-3.35","17.0414"
"2026-05-24","3786.82","113007.85","528.85","1648.43","70359.71","116794.67","117323.52","118443.10","118971.95","72008.14","-3.96","-1.8643","3.25","17.4157"
"2026-05-25","3787.84","113007.85","532.74","1637.65","70365.62","116795.69","117328.43","118433.34","118966.09","72003.27","1.02","-1.7186","4.91","18.3900"
"2026-05-26","3693.04","112998.76","594.56","1622.89","70399.27","116654.28","117248.83","118275.45","118870.01","72022.16","-141.41","-20.7886","-79.60","-0.1157"
"2026-05-27","3692.80","113007.85","585.59","1624.04","70416.75","116700.65","117286.25","118324.69","118910.28","72040.78","46.37","-16.2643","37.42","-1.0029"
"2026-05-28","3656.24","113007.85","591.36","1501.89","70565.30","116664.09","117255.45","118165.98","118757.34","72067.19","-36.56","-21.4871","-30.80","-9.9200"
"2026-05-29","3656.24","113007.85","592.19","1506.52","70559.74","116664.09","117256.28","118170.61","118762.80","72066.26","0.00","-19.8814","0.83","-9.6200"
"2026-05-30","3656.24","113007.85","592.96","1506.04","70559.58","116664.09","117257.05","118170.13","118763.09","72065.61","0.00","-19.2200","0.77","-9.0314"
"2026-05-31","3656.19","113007.85","594.81","1525.45","70556.21","116664.04","117258.85","118189.49","118784.30","72081.66","-0.05","-18.6614","1.80","-9.2386"
